,env_name,env_mode,map_type,map_metrics,non_empty_ratio,normal_qd_score,distance_qd_score,best_normal_fitness,best_distance_fitness
0,walker,CONTROL_FINAL_POS,single_map,eval_fitness,0.03,253.40013122558594,2.8670738339424133,124.27947,1.0377342
1,humanoid,CONTROL_FINAL_POS,single_map,eval_fitness,0.00390625,2366.647705078125,3.040198266506195,647.4074,0.8188825
2,ant,CONTROL_FINAL_POS,single_map,eval_fitness,0.00390625,619.6171951293945,3.4727387726306915,215.79347,2.1499722
3,walker,DISTANCE_FINAL_POS,single_map,eval_fitness,0.05,334.869460105896,7.5929495096206665,129.90436,2.1905398
4,humanoid,DISTANCE_FINAL_POS,single_map,eval_fitness,0.0029296875,1012.3582458496094,2.621246099472046,389.19022,1.0714751
5,ant,DISTANCE_FINAL_POS,single_map,eval_fitness,0.0068359375,-1081.0760297775269,30.034807443618774,45.35978,5.1379457
6,walker,DISTANCE_CONTACT,single_map,eval_fitness,0.2314453125,5244.531763553619,185.46179097890854,61.428844,1.3336841
7,humanoid,DISTANCE_CONTACT,single_map,eval_fitness,0.2255859375,39585.79584503174,45.02051624469459,367.8475,0.7670346
8,ant,DISTANCE_CONTACT,single_map,eval_fitness,0.024691358024691357,-1149.8750219345093,70.43774184584618,181.88165,4.3307953
9,walker,NORMAL_FINAL_POS,single_map,eval_fitness,0.04,473.8621826171875,5.086553573608398,158.2337,1.7649133
10,humanoid,NORMAL_FINAL_POS,single_map,eval_fitness,0.00390625,1906.5765075683594,3.1422623991966248,554.8757,0.95683604
11,ant,NORMAL_FINAL_POS,single_map,eval_fitness,0.00390625,262.51715087890625,4.553105533123016,200.86429,2.5603924
12,walker,NORMAL_CONTACT,single_map,eval_fitness,0.2138671875,9962.60715007782,87.715043656528,160.71626,1.199912
13,humanoid,NORMAL_CONTACT,single_map,eval_fitness,0.3466796875,87560.88750457764,140.97101589106023,511.53064,0.93905896
14,ant,NORMAL_CONTACT,single_map,eval_fitness,0.038580246913580245,-307.2621445655823,78.3915338665247,223.07526,2.9435527
15,humanoid,DIRECTIONAL_CONTACT,single_map,eval_fitness,0.1015625,16936.92130279541,18.769484903663397,342.03625,0.7710414
16,ant,DIRECTIONAL_CONTACT,single_map,eval_fitness,0.024691358024691357,-422.0520430803299,48.239316165447235,206.11176,3.6233733
17,walker,CONTROL_FINAL_POS,single_map,eval_fitness,0.04,381.8686332702637,4.549622416496277,133.11493,1.3138994
18,humanoid,CONTROL_FINAL_POS,single_map,eval_fitness,0.00390625,1868.6285705566406,2.7031161785125732,564.534,0.7913847
19,ant,CONTROL_FINAL_POS,single_map,eval_fitness,0.00390625,812.4265899658203,1.8308119773864746,218.16344,0.71284795
20,walker,DISTANCE_FINAL_POS,single_map,eval_fitness,0.05,323.9904260635376,7.876418709754944,124.24478,2.186854
21,humanoid,DISTANCE_FINAL_POS,single_map,eval_fitness,0.00390625,1596.2343139648438,2.856437623500824,461.02878,0.87160397
22,ant,DISTANCE_FINAL_POS,single_map,eval_fitness,0.00390625,-863.9316673278809,14.76317024230957,47.196404,4.8672357
23,walker,DISTANCE_CONTACT,single_map,eval_fitness,0.2939453125,16590.811935663223,258.921750202775,213.18272,1.8107214
24,humanoid,DISTANCE_CONTACT,single_map,eval_fitness,0.23828125,53506.68455505371,88.28915142267942,433.431,0.8519386
25,ant,DISTANCE_CONTACT,single_map,eval_fitness,0.022376543209876542,-612.73761677742,47.03690105676651,197.58391,3.8324425
26,walker,NORMAL_FINAL_POS,single_map,eval_fitness,0.04,673.6954650878906,4.635885238647461,228.83116,1.4243745
27,humanoid,NORMAL_FINAL_POS,single_map,eval_fitness,0.00390625,2199.2281188964844,3.3404682874679565,590.34204,1.0054278
28,ant,NORMAL_FINAL_POS,single_map,eval_fitness,0.00390625,627.0131149291992,3.8574711084365845,199.3607,1.8082379
29,walker,NORMAL_CONTACT,single_map,eval_fitness,0.2490234375,18668.028738975525,165.19762063398957,181.44363,2.2729337
30,humanoid,NORMAL_CONTACT,single_map,eval_fitness,0.3818359375,92928.88233184814,182.80130806937814,388.4643,0.94068664
31,ant,NORMAL_CONTACT,single_map,eval_fitness,0.02546296296296296,-381.06083965301514,54.87083649635315,241.10687,2.9237375
32,humanoid,DIRECTIONAL_CONTACT,single_map,eval_fitness,0.328125,71220.19637298584,116.88024593703449,461.8531,0.9792027
33,ant,DIRECTIONAL_CONTACT,single_map,eval_fitness,0.016975308641975308,-3148.319793701172,39.404929995536804,203.02838,3.194579
34,walker,CONTROL_FINAL_POS,single_map,eval_fitness,0.04,476.4745445251465,4.770527601242065,146.71916,1.27586
35,humanoid,CONTROL_FINAL_POS,single_map,eval_fitness,0.00390625,1035.4193496704102,1.3917230181396008,371.10062,0.627836
36,ant,CONTROL_FINAL_POS,single_map,eval_fitness,0.00390625,603.7319107055664,3.1748880743980408,196.97699,1.1886756
37,walker,DISTANCE_FINAL_POS,single_map,eval_fitness,0.04,302.07159185409546,4.679895102977753,131.56155,1.5040582
38,humanoid,DISTANCE_FINAL_POS,single_map,eval_fitness,0.00390625,1012.7925338745117,2.3402856588363647,316.5967,0.91690093
39,ant,DISTANCE_FINAL_POS,single_map,eval_fitness,0.0048828125,-744.632604598999,19.10562562942505,30.70665,4.411415
40,walker,DISTANCE_CONTACT,single_map,eval_fitness,0.32421875,10039.694207668304,223.92306906357408,136.06674,1.4629028
41,humanoid,DISTANCE_CONTACT,single_map,eval_fitness,0.34765625,99877.1669921875,177.11993119493127,473.43408,1.0266997
42,ant,DISTANCE_CONTACT,single_map,eval_fitness,0.033179012345679014,-467.886961966753,70.46652799844742,195.26936,3.517207
43,walker,NORMAL_FINAL_POS,single_map,eval_fitness,0.04,485.1346778869629,4.763424456119537,190.82593,1.9657305
44,humanoid,NORMAL_FINAL_POS,single_map,eval_fitness,0.00390625,1655.7589416503906,2.4060646295547485,591.28687,0.7870833
45,ant,NORMAL_FINAL_POS,single_map,eval_fitness,0.0048828125,138.8573055267334,10.205267310142517,216.97527,3.9205365
46,walker,NORMAL_CONTACT,single_map,eval_fitness,0.3134765625,21545.42817878723,153.49643207713962,145.88664,1.6136285
47,humanoid,NORMAL_CONTACT,single_map,eval_fitness,0.1708984375,49117.402923583984,81.41685931012034,550.0327,1.0710888
48,ant,NORMAL_CONTACT,single_map,eval_fitness,0.023148148148148147,-1018.4247353076935,52.824166655540466,210.4803,3.370953
49,humanoid,DIRECTIONAL_CONTACT,single_map,eval_fitness,0.212890625,49484.308364868164,83.6683204472065,354.48553,0.7473413
50,ant,DIRECTIONAL_CONTACT,single_map,eval_fitness,0.017746913580246913,-763.9073581695557,35.587128251791,193.82352,3.8262444
51,walker,CONTROL_FINAL_POS,single_map,eval_fitness,0.04,413.83690452575684,4.335080206394196,139.21393,1.2639053
52,humanoid,CONTROL_FINAL_POS,single_map,eval_fitness,0.00390625,1403.5113220214844,2.641706198453903,396.36237,0.80480933
53,ant,CONTROL_FINAL_POS,single_map,eval_fitness,0.00390625,166.61148834228516,4.928199768066406,200.7143,2.2410152
54,walker,DISTANCE_FINAL_POS,single_map,eval_fitness,0.04,406.5760307312012,4.479259371757507,171.3755,1.3376286
55,humanoid,DISTANCE_FINAL_POS,single_map,eval_fitness,0.00390625,1124.8761291503906,2.6373186707496643,363.965,0.8886495
56,ant,DISTANCE_FINAL_POS,single_map,eval_fitness,0.0048828125,-1678.2754364013672,18.937655925750732,-143.02496,4.6043897
57,walker,DISTANCE_CONTACT,single_map,eval_fitness,0.3427734375,15245.167222753167,198.3635980086401,132.3026,1.2899622
58,humanoid,DISTANCE_CONTACT,single_map,eval_fitness,0.248046875,47114.34999847412,74.3373889606446,434.39865,1.0535191
59,ant,DISTANCE_CONTACT,single_map,eval_fitness,0.02854938271604938,-4695.821292877197,63.442187428474426,203.62863,3.555117
60,walker,NORMAL_FINAL_POS,single_map,eval_fitness,0.04,574.0761184692383,4.19414210319519,161.93405,1.2755975
61,humanoid,NORMAL_FINAL_POS,single_map,eval_fitness,0.00390625,1407.0035400390625,1.7021156549453735,382.97116,0.4896757
62,ant,NORMAL_FINAL_POS,single_map,eval_fitness,0.00390625,480.46748542785645,5.5877832770347595,218.80666,1.8958791
63,walker,NORMAL_CONTACT,single_map,eval_fitness,0.296875,23879.054744243622,254.73128607869148,191.36589,1.590468
64,humanoid,NORMAL_CONTACT,single_map,eval_fitness,0.1396484375,33547.52123260498,44.54940473474562,408.80948,0.78893036
65,ant,NORMAL_CONTACT,single_map,eval_fitness,0.02854938271604938,-81.23305034637451,58.0271278321743,218.29172,2.5977938
66,humanoid,DIRECTIONAL_CONTACT,single_map,eval_fitness,0.193359375,24071.66732788086,25.082217073068023,336.71643,0.7367009
67,ant,DIRECTIONAL_CONTACT,single_map,eval_fitness,0.015432098765432098,-2069.80451631546,44.82116413116455,215.76012,3.8403726
68,walker,CONTROL_FINAL_POS,single_map,eval_fitness,0.04,584.3373565673828,4.477313280105591,178.6875,1.4853804
69,humanoid,CONTROL_FINAL_POS,single_map,eval_fitness,0.00390625,1810.1687622070312,2.656163454055786,505.99655,0.80486023
70,ant,CONTROL_FINAL_POS,single_map,eval_fitness,0.00390625,817.0993881225586,2.8361650854349136,235.53906,1.6104407
71,walker,DISTANCE_FINAL_POS,single_map,eval_fitness,0.03,129.48149967193604,3.770529270172119,124.26655,1.7818714
72,humanoid,DISTANCE_FINAL_POS,single_map,eval_fitness,0.00390625,1244.96875,3.3016680479049683,388.25632,0.9519682
73,ant,DISTANCE_FINAL_POS,single_map,eval_fitness,0.005859375,-3477.3038330078125,26.23985481262207,-545.4062,5.9262424
74,walker,DISTANCE_CONTACT,single_map,eval_fitness,0.25390625,11012.278528094292,218.42025077342987,139.95956,1.7562469
75,humanoid,DISTANCE_CONTACT,single_map,eval_fitness,0.3291015625,101183.33879089355,188.09280247986317,579.88324,1.098099
76,ant,DISTANCE_CONTACT,single_map,eval_fitness,0.023919753086419752,-2187.421627521515,56.946030020713806,198.93195,3.4710205
77,walker,NORMAL_FINAL_POS,single_map,eval_fitness,0.04,510.4265079498291,4.255730867385864,210.43617,1.2491896
78,humanoid,NORMAL_FINAL_POS,single_map,eval_fitness,0.00390625,1596.6194763183594,1.964363694190979,419.67914,0.5308727
79,ant,NORMAL_FINAL_POS,single_map,eval_fitness,0.005859375,55.39897918701172,10.00564593076706,218.64732,4.0619173
80,walker,NORMAL_CONTACT,single_map,eval_fitness,0.2548828125,15040.857969284058,163.5225561335683,138.29233,1.312263
81,humanoid,NORMAL_CONTACT,single_map,eval_fitness,0.2666015625,91819.60677337646,146.27457600086927,679.21625,1.3543355
82,ant,NORMAL_CONTACT,single_map,eval_fitness,0.027777777777777776,-740.5060720443726,66.47220891714096,239.53517,3.2801723
83,humanoid,DIRECTIONAL_CONTACT,single_map,eval_fitness,0.296875,76533.20095825195,140.9446748122573,443.37912,0.8593314
84,ant,DIRECTIONAL_CONTACT,single_map,eval_fitness,0.020061728395061727,-2923.632999420166,34.15636318922043,174.67322,2.547864
85,walker,CONTROL_FINAL_POS,single_map,eval_fitness,0.04,356.1531620025635,4.000153660774231,127.32201,1.0942458
86,humanoid,CONTROL_FINAL_POS,single_map,eval_fitness,0.00390625,1712.0687561035156,2.7518910467624664,490.35925,1.2642896
87,ant,CONTROL_FINAL_POS,single_map,eval_fitness,0.00390625,729.0007781982422,2.8756887316703796,199.22003,0.87427473
88,walker,DISTANCE_FINAL_POS,single_map,eval_fitness,0.04,241.56161308288574,4.60712331533432,116.45812,1.3536774
89,humanoid,DISTANCE_FINAL_POS,single_map,eval_fitness,0.00390625,1129.531997680664,2.1581006348133087,371.75662,0.785311
90,ant,DISTANCE_FINAL_POS,single_map,eval_fitness,0.0048828125,-1687.1355247497559,18.104785680770874,28.289585,4.4207215
91,walker,DISTANCE_CONTACT,single_map,eval_fitness,0.171875,14038.069681167603,156.0251539349556,136.24477,1.3262563
92,humanoid,DISTANCE_CONTACT,single_map,eval_fitness,0.337890625,67085.0710144043,118.85266748443246,669.2757,1.0816821
93,ant,DISTANCE_CONTACT,single_map,eval_fitness,0.029320987654320986,-517.5958156585693,80.17847633361816,213.0318,4.5118656
94,walker,NORMAL_FINAL_POS,single_map,eval_fitness,0.04,365.18455505371094,4.399188041687012,115.16762,1.2063992
95,humanoid,NORMAL_FINAL_POS,single_map,eval_fitness,0.00390625,1529.9577026367188,2.014096289873123,541.79626,0.83207786
96,ant,NORMAL_FINAL_POS,single_map,eval_fitness,0.00390625,636.1182708740234,5.2935121059417725,192.75488,2.1707892
97,walker,NORMAL_CONTACT,single_map,eval_fitness,0.19921875,11893.998628616333,84.5852848738432,168.98941,1.1658762
98,humanoid,NORMAL_CONTACT,single_map,eval_fitness,0.4052734375,100612.39782714844,156.17440511193126,553.3958,1.2114246
99,ant,NORMAL_CONTACT,single_map,eval_fitness,0.03009259259259259,49.64744758605957,53.85530814528465,223.45316,3.0643084
100,humanoid,DIRECTIONAL_CONTACT,single_map,eval_fitness,0.125,24061.4542388916,35.93546470440924,387.2178,0.79366857
101,ant,DIRECTIONAL_CONTACT,single_map,eval_fitness,0.020061728395061727,-4357.33922290802,40.8010319173336,218.19511,2.7562323
102,walker,CONTROL_FINAL_POS,single_map,eval_fitness,0.04,440.9118957519531,4.466367244720459,152.49937,1.226651
103,humanoid,CONTROL_FINAL_POS,single_map,eval_fitness,0.00390625,1118.0081939697266,2.1029580384492874,343.0303,0.7270817
104,ant,CONTROL_FINAL_POS,single_map,eval_fitness,0.00390625,288.7631378173828,3.751517742872238,214.95549,2.3952143
105,walker,DISTANCE_FINAL_POS,single_map,eval_fitness,0.03,121.3214168548584,2.6227636337280273,70.92341,1.0171314
106,humanoid,DISTANCE_FINAL_POS,single_map,eval_fitness,0.00390625,1065.1293487548828,2.915177345275879,324.21112,0.7637548
107,ant,DISTANCE_FINAL_POS,single_map,eval_fitness,0.00390625,-1639.8682556152344,15.740209579467773,-152.66809,4.9349704
108,walker,DISTANCE_CONTACT,single_map,eval_fitness,0.1787109375,5273.893546462059,168.57668566703796,119.57869,1.4082081
109,humanoid,DISTANCE_CONTACT,single_map,eval_fitness,0.3232421875,70608.27267456055,114.2905035354197,530.2199,1.04089
110,ant,DISTANCE_CONTACT,single_map,eval_fitness,0.02700617283950617,-2762.812890291214,68.92064219713211,211.93613,4.0591726
111,walker,NORMAL_FINAL_POS,single_map,eval_fitness,0.04,378.24825286865234,4.514026522636414,131.731,1.2904261
112,humanoid,NORMAL_FINAL_POS,single_map,eval_fitness,0.00390625,1506.4466552734375,2.684975504875183,528.8995,0.85920113
113,ant,NORMAL_FINAL_POS,single_map,eval_fitness,0.00390625,808.0675048828125,2.2199331521987915,214.23483,0.6504237
114,walker,NORMAL_CONTACT,single_map,eval_fitness,0.1943359375,10286.060353279114,93.55129148438573,123.840034,1.0053389
115,humanoid,NORMAL_CONTACT,single_map,eval_fitness,0.35546875,87201.43996429443,148.47077470645308,477.4866,0.910494
116,ant,NORMAL_CONTACT,single_map,eval_fitness,0.033950617283950615,-1095.0635318756104,65.65326124429703,217.35477,3.0159326
117,humanoid,DIRECTIONAL_CONTACT,single_map,eval_fitness,0.2373046875,59813.5530166626,118.1775908395648,441.00146,0.9676473
118,ant,DIRECTIONAL_CONTACT,single_map,eval_fitness,0.023919753086419752,-1107.1366690397263,44.17428880929947,193.54231,3.813504
119,walker,CONTROL_FINAL_POS,single_map,eval_fitness,0.04,318.5603561401367,3.332909345626831,116.89304,1.0559955
120,humanoid,CONTROL_FINAL_POS,single_map,eval_fitness,0.00390625,1900.7931518554688,2.9805158376693726,586.05817,0.8962231
121,ant,CONTROL_FINAL_POS,single_map,eval_fitness,0.00390625,-4.407341003417969,6.06976842880249,205.25952,2.2847347
122,walker,DISTANCE_FINAL_POS,single_map,eval_fitness,0.04,360.42518615722656,5.77594530582428,142.83342,1.6560589
123,humanoid,DISTANCE_FINAL_POS,single_map,eval_fitness,0.00390625,1513.5593872070312,3.2804657220840454,497.3763,1.0576634
124,ant,DISTANCE_FINAL_POS,single_map,eval_fitness,0.00390625,-1179.8437805175781,13.931866884231567,-94.74744,3.8258412
125,walker,DISTANCE_CONTACT,single_map,eval_fitness,0.3134765625,12593.996015518904,211.54129246622324,117.40133,1.5043712
126,humanoid,DISTANCE_CONTACT,single_map,eval_fitness,0.3046875,72107.0724029541,120.44102728925645,444.06598,0.94862837
127,ant,DISTANCE_CONTACT,single_map,eval_fitness,0.016203703703703703,-2400.723183631897,52.54802691936493,185.75027,4.3295903
128,walker,NORMAL_FINAL_POS,single_map,eval_fitness,0.04,669.6819763183594,3.6717114597558975,217.51363,1.4104632
129,humanoid,NORMAL_FINAL_POS,single_map,eval_fitness,0.00390625,1656.6622314453125,2.6383486688137054,470.82346,0.82696515
130,ant,NORMAL_FINAL_POS,single_map,eval_fitness,0.00390625,597.989538192749,4.060568571090698,203.88776,1.4738748
131,walker,NORMAL_CONTACT,single_map,eval_fitness,0.283203125,28706.496132850647,274.11709977686405,164.9564,1.6977307
132,humanoid,NORMAL_CONTACT,single_map,eval_fitness,0.3037109375,86959.0170135498,159.14297483488917,485.68546,1.0216467
133,ant,NORMAL_CONTACT,single_map,eval_fitness,0.024691358024691357,-2694.6166858673096,65.32250964641571,207.23445,3.4237125
134,humanoid,DIRECTIONAL_CONTACT,single_map,eval_fitness,0.322265625,66647.71308135986,101.52947773784399,375.37604,0.83754677
135,ant,DIRECTIONAL_CONTACT,single_map,eval_fitness,0.019290123456790122,-4942.77596282959,49.50210952758789,225.47324,2.9495537
136,walker,CONTROL_FINAL_POS,single_map,eval_fitness,0.03,408.97218322753906,2.4213474690914154,167.73305,1.115011
137,humanoid,CONTROL_FINAL_POS,single_map,eval_fitness,0.00390625,1314.0491943359375,2.2504974603652954,455.98596,0.78580725
138,ant,CONTROL_FINAL_POS,single_map,eval_fitness,0.00390625,572.1539268493652,5.421199917793274,187.01056,1.7994908
139,walker,DISTANCE_FINAL_POS,single_map,eval_fitness,0.04,463.4889678955078,6.082179546356201,184.66443,1.7537692
140,humanoid,DISTANCE_FINAL_POS,single_map,eval_fitness,0.00390625,979.8754425048828,3.2563326358795166,317.6634,0.9725253
141,ant,DISTANCE_FINAL_POS,single_map,eval_fitness,0.00390625,-1034.7433032989502,12.392720222473145,-17.681147,3.7039855
142,walker,DISTANCE_CONTACT,single_map,eval_fitness,0.2392578125,8023.989726066589,138.3427739739418,128.27647,1.1478323
143,humanoid,DISTANCE_CONTACT,single_map,eval_fitness,0.421875,111624.1127166748,192.78267912752926,449.68253,1.2237986
144,ant,DISTANCE_CONTACT,single_map,eval_fitness,0.026234567901234566,-3031.5448722839355,63.98937636613846,216.3395,3.487667
145,walker,NORMAL_FINAL_POS,single_map,eval_fitness,0.03,150.65752792358398,1.4454883122816682,82.66211,1.0040574
146,humanoid,NORMAL_FINAL_POS,single_map,eval_fitness,0.00390625,1426.9415283203125,2.219665750861168,410.23108,0.9831514
147,ant,NORMAL_FINAL_POS,single_map,eval_fitness,0.00390625,-390.6613311767578,9.652480006217957,204.9704,2.820744
148,walker,NORMAL_CONTACT,single_map,eval_fitness,0.3017578125,7692.735463619232,176.879023745656,142.58467,1.2199292
149,humanoid,NORMAL_CONTACT,single_map,eval_fitness,0.34765625,80451.90712738037,125.09093717671931,468.8983,0.97344315
150,ant,NORMAL_CONTACT,single_map,eval_fitness,0.02546296296296296,-1517.6899824142456,69.06903702020645,187.51015,3.3139246
151,humanoid,DIRECTIONAL_CONTACT,single_map,eval_fitness,0.1513671875,29099.001152038574,43.93193564284593,336.62875,0.74937516
152,ant,DIRECTIONAL_CONTACT,single_map,eval_fitness,0.020061728395061727,-2227.9553537368774,40.026317059993744,207.08769,2.7188146
153,walker,CONTROL_FINAL_POS,single_map,eval_fitness,0.04,338.3456230163574,3.966247320175171,129.81169,1.0993024
154,humanoid,CONTROL_FINAL_POS,single_map,eval_fitness,0.00390625,1568.9806823730469,2.9791109561920166,467.6592,0.86193115
155,ant,CONTROL_FINAL_POS,single_map,eval_fitness,0.00390625,-586.0045166015625,6.650535523891449,212.58519,2.6345568
156,walker,DISTANCE_FINAL_POS,single_map,eval_fitness,0.04,371.6136074066162,4.824334025382996,142.09152,1.4169034
157,humanoid,DISTANCE_FINAL_POS,single_map,eval_fitness,0.00390625,844.0063934326172,2.502852737903595,294.83496,0.7113662
158,ant,DISTANCE_FINAL_POS,single_map,eval_fitness,0.00390625,-1468.7857360839844,16.47224187850952,-128.03107,4.882719
159,walker,DISTANCE_CONTACT,single_map,eval_fitness,0.0927734375,8066.522470474243,105.67250719666481,133.10846,1.4959393
160,humanoid,DISTANCE_CONTACT,single_map,eval_fitness,0.296875,58480.59630584717,86.14149680174887,481.75992,1.2178557
161,ant,DISTANCE_CONTACT,single_map,eval_fitness,0.04089506172839506,-5473.870065689087,94.39307868480682,208.96318,3.6514838
162,walker,NORMAL_FINAL_POS,single_map,eval_fitness,0.04,434.42315673828125,4.0193421840667725,140.67155,1.0704528
163,humanoid,NORMAL_FINAL_POS,single_map,eval_fitness,0.00390625,1711.6362915039062,2.7247148156166077,472.33264,0.8612622
164,ant,NORMAL_FINAL_POS,single_map,eval_fitness,0.00390625,452.09896087646484,4.829960286617279,199.29767,1.8915265
165,walker,NORMAL_CONTACT,single_map,eval_fitness,0.248046875,15610.181118011475,125.07206578180194,97.92129,1.252532
166,humanoid,NORMAL_CONTACT,single_map,eval_fitness,0.326171875,77447.47644042969,111.42400344833732,384.55383,0.80517256
167,ant,NORMAL_CONTACT,single_map,eval_fitness,0.021604938271604937,-331.97239112854004,39.951443165540695,162.77577,2.5282273
168,humanoid,DIRECTIONAL_CONTACT,single_map,eval_fitness,0.2197265625,35575.26486968994,53.93424238823354,325.22723,0.6905095
169,ant,DIRECTIONAL_CONTACT,single_map,eval_fitness,0.014660493827160493,-890.3756465911865,37.283294796943665,212.8255,3.5096674
170,walker,CONTROL_FINAL_POS,single_map,eval_fitness,0.04,521.2625961303711,4.143227934837341,167.21863,1.1100074
171,humanoid,CONTROL_FINAL_POS,single_map,eval_fitness,0.00390625,2128.5532836914062,2.318046271800995,677.6127,0.8287486
172,ant,CONTROL_FINAL_POS,single_map,eval_fitness,0.00390625,-374.6529083251953,4.980782747268677,221.23802,2.1813781
173,walker,DISTANCE_FINAL_POS,single_map,eval_fitness,0.04,290.7217860221863,4.604655742645264,116.86234,1.3893378
174,humanoid,DISTANCE_FINAL_POS,single_map,eval_fitness,0.00390625,1798.177490234375,3.8358187079429626,628.48157,1.4505179
175,ant,DISTANCE_FINAL_POS,single_map,eval_fitness,0.005859375,-1061.2149047851562,24.852130889892578,-33.360043,5.5216346
176,walker,DISTANCE_CONTACT,single_map,eval_fitness,0.3466796875,26429.852737426758,345.13192616403103,262.5409,2.5287838
177,humanoid,DISTANCE_CONTACT,single_map,eval_fitness,0.17578125,51406.52509307861,109.59093230962753,474.8702,1.3269393
178,ant,DISTANCE_CONTACT,single_map,eval_fitness,0.02700617283950617,-5923.738368988037,91.26113337278366,180.6446,4.05862
179,walker,NORMAL_FINAL_POS,single_map,eval_fitness,0.04,255.59934425354004,3.353906571865082,92.67986,1.0472554
180,humanoid,NORMAL_FINAL_POS,single_map,eval_fitness,0.00390625,1959.6182861328125,2.5569941103458405,605.8203,0.8608647
181,ant,NORMAL_FINAL_POS,single_map,eval_fitness,0.00390625,826.4080810546875,2.070540130138397,233.26866,0.9088035
182,walker,NORMAL_CONTACT,single_map,eval_fitness,0.15625,10977.773002386093,157.336092710495,192.91609,1.476133
183,humanoid,NORMAL_CONTACT,single_map,eval_fitness,0.2294921875,71499.02760314941,122.92993065342307,542.65045,1.1910352
184,ant,NORMAL_CONTACT,single_map,eval_fitness,0.031635802469135804,1836.9196681976318,56.13022395968437,213.87444,2.9278905
185,humanoid,DISTANCE_FINAL_POS,multi_map,excpected_fitnessinnovation,0.0029296875,875.3450927734375,1.972321342676878,396.6153,1.073985
186,ant,DISTANCE_FINAL_POS,multi_map,excpected_fitnessinnovation,0.00390625,-362.90161895751953,14.80057430267334,146.89282,3.8847363
187,walker,DISTANCE_CONTACT,multi_map,excpected_fitnessinnovation,0.2880859375,18349.223838806152,211.2445092499256,131.36833,1.4177291
188,humanoid,DISTANCE_CONTACT,multi_map,excpected_fitnessinnovation,0.298828125,75663.25503540039,137.7392525151372,563.7258,1.1552207
189,ant,DISTANCE_CONTACT,multi_map,excpected_fitnessinnovation,0.022376543209876542,-3921.5636541843414,65.81727451086044,178.14958,4.1028466
190,walker,NORMAL_FINAL_POS,multi_map,excpected_fitnessinnovation,0.04,603.8593597412109,4.525435924530029,170.10527,1.748077
191,humanoid,NORMAL_FINAL_POS,multi_map,excpected_fitnessinnovation,0.00390625,2255.8450927734375,3.227841794490814,580.20825,0.8371138
192,ant,NORMAL_FINAL_POS,multi_map,excpected_fitnessinnovation,0.005859375,564.3539276123047,23.696556329727173,224.48416,5.9791946
193,walker,NORMAL_CONTACT,multi_map,excpected_fitnessinnovation,0.001953125,204.8966770172119,1.716665804386139,181.93489,0.95250785
194,humanoid,NORMAL_CONTACT,multi_map,excpected_fitnessinnovation,0.30859375,80744.79390716553,126.8355913311243,459.34366,0.8601769
195,ant,NORMAL_CONTACT,multi_map,excpected_fitnessinnovation,0.030864197530864196,-2881.9096298217773,70.37918746471405,207.21011,3.1832798
196,humanoid,DIRECTIONAL_CONTACT,multi_map,excpected_fitnessinnovation,0.25,43425.46199798584,64.8519992493093,522.4959,0.91150695
197,ant,DIRECTIONAL_CONTACT,multi_map,excpected_fitnessinnovation,0.023148148148148147,-1748.0565243661404,50.21862635016441,203.6071,3.327434
198,walker,CONTROL_FINAL_POS,multi_map,excpected_fitnessinnovation,0.04,413.50025939941406,3.2748464345932007,150.8338,1.2951196
199,humanoid,CONTROL_FINAL_POS,multi_map,excpected_fitnessinnovation,0.00390625,1307.7608184814453,2.0588971339166164,545.9554,0.9434215
200,ant,CONTROL_FINAL_POS,multi_map,excpected_fitnessinnovation,0.00390625,253.18823623657227,4.1546584367752075,207.35669,2.04382
201,walker,DISTANCE_FINAL_POS,multi_map,excpected_fitnessinnovation,0.02,16.857805132865906,2.502249777317047,18.011024,1.5061587
202,humanoid,DISTANCE_FINAL_POS,multi_map,excpected_fitnessinnovation,0.00390625,1164.0526733398438,2.423049181699753,491.5478,0.9052484
203,ant,DISTANCE_FINAL_POS,multi_map,excpected_fitnessinnovation,0.0107421875,-2800.100742340088,63.64655041694641,-33.659763,8.345611
204,walker,DISTANCE_CONTACT,multi_map,excpected_fitnessinnovation,0.287109375,12223.802188813686,229.6017433255911,169.84103,1.6505206
205,humanoid,DISTANCE_CONTACT,multi_map,excpected_fitnessinnovation,0.4130859375,95936.32926177979,170.78508769907057,464.58685,1.0789762
206,ant,DISTANCE_CONTACT,multi_map,excpected_fitnessinnovation,0.024691358024691357,420.61447644233704,56.05427008867264,194.8992,4.1537256
207,walker,NORMAL_FINAL_POS,multi_map,excpected_fitnessinnovation,0.03,384.8309555053711,2.825841099023819,163.23328,1.4697475
208,humanoid,NORMAL_FINAL_POS,multi_map,excpected_fitnessinnovation,0.00390625,1385.4732971191406,2.409989356994629,442.49875,0.90419555
209,ant,NORMAL_FINAL_POS,multi_map,excpected_fitnessinnovation,0.00390625,914.5127716064453,1.2179052382707596,232.66986,0.5271377
210,walker,NORMAL_CONTACT,multi_map,excpected_fitnessinnovation,0.2861328125,17410.804007530212,269.88969737291336,274.02914,1.4739419
211,humanoid,NORMAL_CONTACT,multi_map,excpected_fitnessinnovation,0.4052734375,131557.8411026001,265.41190753877163,479.51102,1.6745509
212,ant,NORMAL_CONTACT,multi_map,excpected_fitnessinnovation,0.026234567901234566,1.1568503379821777,53.46082279086113,232.47905,2.6528485
213,humanoid,DIRECTIONAL_CONTACT,multi_map,excpected_fitnessinnovation,0.01171875,4233.1861572265625,7.597820043563843,380.6881,0.77302086
214,ant,DIRECTIONAL_CONTACT,multi_map,excpected_fitnessinnovation,0.0023148148148148147,334.2406005859375,4.431290149688721,187.63902,1.5425818
215,walker,CONTROL_FINAL_POS,multi_map,excpected_fitnessinnovation,0.03,201.94187450408936,2.9329989552497864,101.72484,1.0100422
216,humanoid,CONTROL_FINAL_POS,multi_map,excpected_fitnessinnovation,0.001953125,651.8307800292969,1.2536602020263672,342.8889,0.69104946
217,ant,CONTROL_FINAL_POS,multi_map,excpected_fitnessinnovation,0.001953125,419.0294494628906,0.8718688786029816,213.686,0.46374342
218,walker,DISTANCE_FINAL_POS,multi_map,excpected_fitnessinnovation,0.01,94.28411865234375,0.9920965433120728,94.28412,0.99209654
219,humanoid,DISTANCE_FINAL_POS,multi_map,excpected_fitnessinnovation,0.0009765625,359.96575927734375,0.6442036032676697,359.96576,0.6442036
220,ant,DISTANCE_FINAL_POS,multi_map,excpected_fitnessinnovation,0.0009765625,-141.82415771484375,2.5853238105773926,-141.82416,2.5853238
221,walker,DISTANCE_CONTACT,multi_map,excpected_fitnessinnovation,0.0078125,198.85538482666016,6.5364810526371,33.964138,0.9545074
222,humanoid,DISTANCE_CONTACT,multi_map,excpected_fitnessinnovation,0.009765625,3015.2227783203125,4.637680232524872,333.25003,0.6511876
223,ant,DISTANCE_CONTACT,multi_map,excpected_fitnessinnovation,0.0023148148148148147,305.5691728591919,5.243451714515686,177.66402,2.3841236
224,walker,NORMAL_FINAL_POS,multi_map,excpected_fitnessinnovation,0.01,102.25140380859375,0.9746482372283936,102.2514,0.97464824
225,humanoid,NORMAL_FINAL_POS,multi_map,excpected_fitnessinnovation,0.0029296875,1285.1363525390625,1.9094265699386597,513.345,0.6825327
226,ant,NORMAL_FINAL_POS,multi_map,excpected_fitnessinnovation,0.001953125,-44.53944396972656,2.7590752840042114,220.9355,1.7661041
227,walker,NORMAL_CONTACT,multi_map,excpected_fitnessinnovation,0.0029296875,179.2255401611328,3.0122360587120056,74.32307,1.0137775
228,humanoid,NORMAL_CONTACT,multi_map,excpected_fitnessinnovation,0.0087890625,2792.3360290527344,5.081512361764908,340.51157,0.7158512
229,ant,NORMAL_CONTACT,multi_map,excpected_fitnessinnovation,0.0038580246913580245,538.9385375976562,4.531861960887909,219.1085,2.0664651
230,humanoid,DIRECTIONAL_CONTACT,multi_map,excpected_fitnessinnovation,0.0087890625,3329.8652954101562,6.781761407852173,393.33542,0.84625363
231,ant,DIRECTIONAL_CONTACT,multi_map,excpected_fitnessinnovation,0.0023148148148148147,284.40478515625,3.115382105112076,188.59644,2.1687932
232,walker,CONTROL_FINAL_POS,multi_map,excpected_fitnessinnovation,0.01,39.834800720214844,0.7352127432823181,39.8348,0.73521274
233,humanoid,CONTROL_FINAL_POS,multi_map,excpected_fitnessinnovation,0.0029296875,877.9403076171875,1.7434268593788147,328.08615,0.70745015
234,ant,CONTROL_FINAL_POS,multi_map,excpected_fitnessinnovation,0.0029296875,109.31130981445312,4.746552467346191,180.84894,1.8532772
235,walker,DISTANCE_FINAL_POS,multi_map,excpected_fitnessinnovation,0.02,106.22109985351562,2.077751636505127,69.813034,1.0409796
236,humanoid,DISTANCE_FINAL_POS,multi_map,excpected_fitnessinnovation,0.0009765625,281.0340881347656,0.3499351441860199,281.0341,0.34993514
237,ant,DISTANCE_FINAL_POS,multi_map,excpected_fitnessinnovation,0.0009765625,145.6019744873047,1.6987181901931763,145.60197,1.6987182
238,walker,DISTANCE_CONTACT,multi_map,excpected_fitnessinnovation,0.0068359375,632.9521751403809,4.478665500879288,120.55802,1.0261412
239,humanoid,DISTANCE_CONTACT,multi_map,excpected_fitnessinnovation,0.009765625,3583.5091857910156,6.815581142902374,391.84406,0.76079756
240,ant,DISTANCE_CONTACT,multi_map,excpected_fitnessinnovation,0.010030864197530864,2031.0900573730469,7.743641048669815,220.86371,1.9686099
241,walker,NORMAL_FINAL_POS,multi_map,excpected_fitnessinnovation,0.02,163.4449806213379,1.9308471083641052,128.34366,1.1307006
242,humanoid,NORMAL_FINAL_POS,multi_map,excpected_fitnessinnovation,0.001953125,837.3154296875,1.1928623616695404,438.28696,0.76117414
243,ant,NORMAL_FINAL_POS,multi_map,excpected_fitnessinnovation,0.001953125,391.55882263183594,1.2077217102050781,197.54906,0.70348465
244,walker,NORMAL_CONTACT,multi_map,excpected_fitnessinnovation,0.001953125,148.28162956237793,1.882440984249115,128.07407,0.9767219
245,humanoid,NORMAL_CONTACT,multi_map,excpected_fitnessinnovation,0.0048828125,1782.5815124511719,3.704648494720459,376.56146,0.8501372
246,ant,NORMAL_CONTACT,multi_map,excpected_fitnessinnovation,0.0023148148148148147,180.1967010498047,2.506887376308441,219.44354,1.763789
247,humanoid,DIRECTIONAL_CONTACT,multi_map,excpected_fitnessinnovation,0.00390625,975.3587036132812,1.0447464808821678,281.51874,0.37482643
248,ant,DIRECTIONAL_CONTACT,multi_map,excpected_fitnessinnovation,0.006172839506172839,1017.8086624145508,9.610355257987976,227.14656,2.585224
249,walker,CONTROL_FINAL_POS,multi_map,excpected_fitnessinnovation,0.03,189.29566383361816,1.5066079646348953,85.05078,1.006654
250,humanoid,CONTROL_FINAL_POS,multi_map,excpected_fitnessinnovation,0.0009765625,258.7597351074219,0.2618657350540161,258.75974,0.26186574
251,ant,CONTROL_FINAL_POS,multi_map,excpected_fitnessinnovation,0.0009765625,163.68177795410156,1.5709196329116821,163.68178,1.5709196
252,walker,DISTANCE_FINAL_POS,multi_map,excpected_fitnessinnovation,0.01,38.669273376464844,0.9531041979789734,38.669273,0.9531042
253,humanoid,DISTANCE_FINAL_POS,multi_map,excpected_fitnessinnovation,0.001953125,823.0889587402344,1.909297525882721,422.82596,1.0532598
254,ant,DISTANCE_FINAL_POS,multi_map,excpected_fitnessinnovation,0.0009765625,-202.00592041015625,2.454265594482422,-202.00592,2.4542656
255,walker,DISTANCE_CONTACT,multi_map,excpected_fitnessinnovation,0.0029296875,74.51644015312195,2.654011309146881,36.540607,0.9210559
256,humanoid,DISTANCE_CONTACT,multi_map,excpected_fitnessinnovation,0.0029296875,969.9881896972656,2.108346700668335,334.82773,0.7163656
257,ant,DISTANCE_CONTACT,multi_map,excpected_fitnessinnovation,0.0023148148148148147,243.92481231689453,4.4422367215156555,179.01056,2.5674145
258,walker,NORMAL_FINAL_POS,multi_map,excpected_fitnessinnovation,0.03,344.0613098144531,3.082312226295471,135.4663,1.0370243
259,humanoid,NORMAL_FINAL_POS,multi_map,excpected_fitnessinnovation,0.0009765625,189.90464782714844,0.16495868563652039,189.90465,0.16495869
260,ant,NORMAL_FINAL_POS,multi_map,excpected_fitnessinnovation,0.0009765625,165.065185546875,1.1542481184005737,165.06519,1.1542481
261,walker,NORMAL_CONTACT,multi_map,excpected_fitnessinnovation,0.001953125,209.44599151611328,1.467739999294281,110.89849,0.8842001
262,humanoid,NORMAL_CONTACT,multi_map,excpected_fitnessinnovation,0.0166015625,4777.177261352539,7.321436494588852,461.76944,0.84286636
263,ant,NORMAL_CONTACT,multi_map,excpected_fitnessinnovation,0.005401234567901234,845.4614868164062,7.374818325042725,192.21965,1.8330195
264,humanoid,DIRECTIONAL_CONTACT,multi_map,excpected_fitnessinnovation,0.00390625,1433.1078491210938,2.8891676664352417,389.68414,0.86776996
265,ant,DIRECTIONAL_CONTACT,multi_map,excpected_fitnessinnovation,0.0023148148148148147,51.627777099609375,3.133103847503662,185.09761,2.3725774
266,walker,CONTROL_FINAL_POS,multi_map,excpected_fitnessinnovation,0.03,243.8315086364746,2.709480404853821,104.103035,1.0122117
267,humanoid,CONTROL_FINAL_POS,multi_map,excpected_fitnessinnovation,0.0009765625,282.55084228515625,0.4726093113422394,282.55084,0.4726093
268,ant,CONTROL_FINAL_POS,multi_map,excpected_fitnessinnovation,0.0029296875,277.5206871032715,4.007985949516296,187.85767,1.862469
269,walker,DISTANCE_FINAL_POS,multi_map,excpected_fitnessinnovation,0.02,61.86929130554199,2.007699966430664,32.670776,1.0078715
270,humanoid,DISTANCE_FINAL_POS,multi_map,excpected_fitnessinnovation,0.0029296875,1114.9208679199219,2.00369930267334,413.22678,0.7501785
271,ant,DISTANCE_FINAL_POS,multi_map,excpected_fitnessinnovation,0.001953125,-35.82147979736328,5.067712783813477,71.02881,2.66844
272,walker,DISTANCE_CONTACT,multi_map,excpected_fitnessinnovation,0.001953125,58.939653396606445,2.0067777037620544,33.878258,1.0482155
273,humanoid,DISTANCE_CONTACT,multi_map,excpected_fitnessinnovation,0.017578125,6094.518981933594,12.295083403587341,367.57852,0.76024854
274,ant,DISTANCE_CONTACT,multi_map,excpected_fitnessinnovation,0.0038580246913580245,775.8536796569824,5.448773115873337,212.96191,2.132899
275,walker,NORMAL_FINAL_POS,multi_map,excpected_fitnessinnovation,0.02,193.17982864379883,1.815151572227478,143.90019,0.9193389
276,humanoid,NORMAL_FINAL_POS,multi_map,excpected_fitnessinnovation,0.0009765625,207.36566162109375,0.14841300249099731,207.36566,0.148413
277,ant,NORMAL_FINAL_POS,multi_map,excpected_fitnessinnovation,0.001953125,392.0865936279297,2.38492214679718,198.8316,1.3003591
278,walker,NORMAL_CONTACT,multi_map,excpected_fitnessinnovation,0.0107421875,606.6595773696899,7.907364636659622,96.66782,1.1395859
279,humanoid,NORMAL_CONTACT,multi_map,excpected_fitnessinnovation,0.0029296875,822.440185546875,1.1733407378196716,287.25757,0.49831808
280,ant,NORMAL_CONTACT,multi_map,excpected_fitnessinnovation,0.005401234567901234,948.2403411865234,8.975629031658173,212.66008,1.99141
281,humanoid,DIRECTIONAL_CONTACT,multi_map,excpected_fitnessinnovation,0.0146484375,4879.578536987305,8.446062207221985,392.87726,0.76938534
282,ant,DIRECTIONAL_CONTACT,multi_map,excpected_fitnessinnovation,0.0030864197530864196,473.2484436035156,3.6280741691589355,222.94147,2.4454517
283,walker,CONTROL_FINAL_POS,multi_map,excpected_fitnessinnovation,0.01,39.47911834716797,0.9871363043785095,39.47912,0.9871363
284,humanoid,CONTROL_FINAL_POS,multi_map,excpected_fitnessinnovation,0.0009765625,569.7591552734375,0.5542222261428833,569.75916,0.5542222
285,ant,CONTROL_FINAL_POS,multi_map,excpected_fitnessinnovation,0.0029296875,655.7564086914062,0.6816726922988892,220.28117,0.24252804
286,walker,DISTANCE_FINAL_POS,multi_map,excpected_fitnessinnovation,0.02,101.1652603149414,2.0099629163742065,55.380135,1.0182459
287,humanoid,DISTANCE_FINAL_POS,multi_map,excpected_fitnessinnovation,0.001953125,542.265625,0.6007010340690613,280.4783,0.3414408
288,ant,DISTANCE_FINAL_POS,multi_map,excpected_fitnessinnovation,0.001953125,-96.18936157226562,4.929728269577026,147.71974,2.5932696
289,walker,DISTANCE_CONTACT,multi_map,excpected_fitnessinnovation,0.001953125,116.43276405334473,2.021145522594452,94.45588,1.1029179
290,humanoid,DISTANCE_CONTACT,multi_map,excpected_fitnessinnovation,0.00390625,1181.6716613769531,1.5080538392066956,365.06226,0.68355024
291,ant,DISTANCE_CONTACT,multi_map,excpected_fitnessinnovation,0.006172839506172839,955.0446929931641,12.78983187675476,213.72456,3.3669295
292,walker,NORMAL_FINAL_POS,multi_map,excpected_fitnessinnovation,0.02,190.24755096435547,2.000268518924713,106.12582,1.0027945
293,humanoid,NORMAL_FINAL_POS,multi_map,excpected_fitnessinnovation,0.0009765625,483.7146911621094,0.7801364064216614,483.7147,0.7801364
294,ant,NORMAL_FINAL_POS,multi_map,excpected_fitnessinnovation,0.001953125,429.2065124511719,0.700761616230011,217.51537,0.36602935
295,walker,NORMAL_CONTACT,multi_map,excpected_fitnessinnovation,0.00390625,364.1538772583008,3.9803032875061035,98.65386,1.0902348
296,humanoid,NORMAL_CONTACT,multi_map,excpected_fitnessinnovation,0.0078125,3505.360809326172,7.513819307088852,585.17126,1.2392339
297,ant,NORMAL_CONTACT,multi_map,excpected_fitnessinnovation,0.006172839506172839,1462.1497497558594,12.357470065355301,238.41971,3.020766
298,humanoid,DIRECTIONAL_CONTACT,multi_map,excpected_fitnessevo_ent,0.193359375,29677.17253112793,35.64517993479967,327.26285,0.6246761
299,ant,DIRECTIONAL_CONTACT,multi_map,excpected_fitnessevo_ent,0.029320987654320986,-4734.216865539551,64.82960537075996,218.4512,3.2104986
300,walker,CONTROL_FINAL_POS,multi_map,excpected_fitnessevo_ent,0.04,398.58520698547363,3.809662342071533,138.18494,1.1014644
301,humanoid,CONTROL_FINAL_POS,multi_map,excpected_fitnessevo_ent,0.00390625,1563.6725158691406,2.6572605669498444,497.5192,1.0070165
302,ant,CONTROL_FINAL_POS,multi_map,excpected_fitnessevo_ent,0.00390625,776.2679901123047,2.278440684080124,210.32675,0.8820621
303,walker,DISTANCE_FINAL_POS,multi_map,excpected_fitnessevo_ent,0.04,375.0909538269043,5.256036996841431,140.65356,1.4388106
304,humanoid,DISTANCE_FINAL_POS,multi_map,excpected_fitnessevo_ent,0.00390625,1430.8639526367188,3.257858633995056,425.47467,0.94811475
305,ant,DISTANCE_FINAL_POS,multi_map,excpected_fitnessevo_ent,0.005859375,-2692.559616088867,28.209402561187744,-141.85063,5.3939233
306,walker,DISTANCE_CONTACT,multi_map,excpected_fitnessevo_ent,0.2080078125,12147.884150624275,185.43354332447052,138.39775,1.6485766
307,humanoid,DISTANCE_CONTACT,multi_map,excpected_fitnessevo_ent,0.3291015625,81241.21857452393,131.51196477375925,454.2073,0.80508876
308,ant,DISTANCE_CONTACT,multi_map,excpected_fitnessevo_ent,0.02700617283950617,-4085.3240480422974,74.24981677532196,193.27808,3.7346392
309,walker,NORMAL_FINAL_POS,multi_map,excpected_fitnessevo_ent,0.04,349.3285903930664,3.4069344103336334,122.698845,1.1184784
310,humanoid,NORMAL_FINAL_POS,multi_map,excpected_fitnessevo_ent,0.00390625,1689.5932006835938,2.5430215299129486,504.9335,0.8132946
311,ant,NORMAL_FINAL_POS,multi_map,excpected_fitnessevo_ent,0.0048828125,515.8661804199219,9.482681572437286,207.14902,4.9776645
312,walker,NORMAL_CONTACT,multi_map,excpected_fitnessevo_ent,0.251953125,8135.977953612804,101.142772346735,138.39244,0.99699
313,humanoid,NORMAL_CONTACT,multi_map,excpected_fitnessevo_ent,0.4072265625,95787.67318725586,144.56902407109737,465.2728,0.8713763
314,ant,NORMAL_CONTACT,multi_map,excpected_fitnessevo_ent,0.027777777777777776,-2124.4007568359375,68.74047443270683,194.80043,3.1575332
315,humanoid,DIRECTIONAL_CONTACT,multi_map,excpected_fitnessevo_ent,0.10546875,24443.627899169922,42.4197702370584,337.869,0.6893349
316,ant,DIRECTIONAL_CONTACT,multi_map,excpected_fitnessevo_ent,0.022376543209876542,-6385.274703979492,55.7352049946785,195.65753,3.2219906
317,walker,CONTROL_FINAL_POS,multi_map,excpected_fitnessevo_ent,0.04,337.20155143737793,3.401103913784027,119.56959,1.2142097
318,humanoid,CONTROL_FINAL_POS,multi_map,excpected_fitnessevo_ent,0.00390625,1391.069580078125,2.1706029772758484,427.79718,0.97653204
319,ant,CONTROL_FINAL_POS,multi_map,excpected_fitnessevo_ent,0.0048828125,185.8578643798828,15.180748701095581,224.39691,4.295914
320,walker,DISTANCE_FINAL_POS,multi_map,excpected_fitnessevo_ent,0.04,399.4788703918457,4.734806418418884,132.77217,1.4406462
321,humanoid,DISTANCE_FINAL_POS,multi_map,excpected_fitnessevo_ent,0.00390625,1340.8102264404297,3.2537941932678223,418.0171,0.9899761
322,ant,DISTANCE_FINAL_POS,multi_map,excpected_fitnessevo_ent,0.005859375,-556.5130767822266,25.883672952651978,152.88301,5.556949
323,walker,DISTANCE_CONTACT,multi_map,excpected_fitnessevo_ent,0.353515625,14426.647900509648,287.7802009768784,129.08032,1.5145941
324,humanoid,DISTANCE_CONTACT,multi_map,excpected_fitnessevo_ent,0.208984375,36822.00383758545,54.567292561754584,445.341,0.9861144
325,ant,DISTANCE_CONTACT,multi_map,excpected_fitnessevo_ent,0.032407407407407406,-3981.8597373962402,85.33870989084244,213.56961,4.2350564
326,walker,NORMAL_FINAL_POS,multi_map,excpected_fitnessevo_ent,0.04,480.5911636352539,5.1183266043663025,180.44121,1.4935037
327,humanoid,NORMAL_FINAL_POS,multi_map,excpected_fitnessevo_ent,0.00390625,1549.69091796875,2.418595105409622,454.50815,0.92169875
328,ant,NORMAL_FINAL_POS,multi_map,excpected_fitnessevo_ent,0.005859375,-385.3256950378418,18.74684339761734,199.86261,4.3256316
329,walker,NORMAL_CONTACT,multi_map,excpected_fitnessevo_ent,0.2197265625,16249.502871990204,150.92257366329432,172.24019,1.4011941
330,humanoid,NORMAL_CONTACT,multi_map,excpected_fitnessevo_ent,0.392578125,78688.0447845459,126.24650898389518,386.2807,1.036889
331,ant,NORMAL_CONTACT,multi_map,excpected_fitnessevo_ent,0.02854938271604938,2848.442642211914,41.68474981188774,230.40639,2.7359061
332,humanoid,DIRECTIONAL_CONTACT,multi_map,excpected_fitnessevo_ent,0.2919921875,55472.33388519287,91.0682327914983,333.54483,0.74356693
333,ant,DIRECTIONAL_CONTACT,multi_map,excpected_fitnessevo_ent,0.021604938271604937,-2860.353084564209,57.467769622802734,224.51605,3.5258353
334,walker,CONTROL_FINAL_POS,multi_map,excpected_fitnessevo_ent,0.04,389.05093002319336,3.9467265009880066,164.86226,1.781925
335,humanoid,CONTROL_FINAL_POS,multi_map,excpected_fitnessevo_ent,0.00390625,1286.8018188476562,2.965347647666931,390.1548,0.91523814
336,ant,CONTROL_FINAL_POS,multi_map,excpected_fitnessevo_ent,0.005859375,-717.8122932910919,18.968624472618103,197.87077,4.993052
337,walker,DISTANCE_FINAL_POS,multi_map,excpected_fitnessevo_ent,0.04,341.2387161254883,4.940062999725342,129.33693,1.3223168
338,humanoid,DISTANCE_FINAL_POS,multi_map,excpected_fitnessevo_ent,0.00390625,1372.5496215820312,3.2256700694561005,489.47394,1.0822873
339,ant,DISTANCE_FINAL_POS,multi_map,excpected_fitnessevo_ent,0.0078125,-1439.4397373199463,41.07629323005676,-26.837881,6.2446976
340,walker,DISTANCE_CONTACT,multi_map,excpected_fitnessevo_ent,0.251953125,15514.99928855896,235.58201206475496,172.71582,1.4200958
341,humanoid,DISTANCE_CONTACT,multi_map,excpected_fitnessevo_ent,0.3515625,78688.75953674316,132.81931532733142,501.67545,0.8326517
342,ant,DISTANCE_CONTACT,multi_map,excpected_fitnessevo_ent,0.02546296296296296,-753.9103145599365,63.67439103126526,220.69527,3.9497495
343,walker,NORMAL_FINAL_POS,multi_map,excpected_fitnessevo_ent,0.04,499.4960250854492,4.41425496339798,141.89023,1.4528244
344,humanoid,NORMAL_FINAL_POS,multi_map,excpected_fitnessevo_ent,0.00390625,2100.7185668945312,3.1204869151115417,565.68555,1.0451688
345,ant,NORMAL_FINAL_POS,multi_map,excpected_fitnessevo_ent,0.00390625,-412.1355743408203,6.384165346622467,194.1687,2.6610124
346,walker,NORMAL_CONTACT,multi_map,excpected_fitnessevo_ent,0.244140625,21127.756816864014,200.50745908915997,155.25949,1.4015788
347,humanoid,NORMAL_CONTACT,multi_map,excpected_fitnessevo_ent,0.330078125,93331.43994140625,153.04837980493903,473.9688,0.8126271
348,ant,NORMAL_CONTACT,multi_map,excpected_fitnessevo_ent,0.032407407407407406,-3149.471905708313,86.09853613376617,215.9468,3.2406492
349,humanoid,DIRECTIONAL_CONTACT,multi_map,excpected_fitnessevo_ent,0.265625,50324.48174285889,71.67289279401302,432.85428,0.7613057
350,ant,DIRECTIONAL_CONTACT,multi_map,excpected_fitnessevo_ent,0.024691358024691357,-1253.1500978469849,55.04558473825455,224.28749,3.139335
351,walker,CONTROL_FINAL_POS,multi_map,excpected_fitnessevo_ent,0.04,424.6986503601074,3.7694254517555237,139.59668,1.1478143
352,humanoid,CONTROL_FINAL_POS,multi_map,excpected_fitnessevo_ent,0.00390625,1293.7428741455078,1.8433509692549706,430.9022,0.89506257
353,ant,CONTROL_FINAL_POS,multi_map,excpected_fitnessevo_ent,0.00390625,121.93719863891602,8.95771861076355,149.78546,2.6431012
354,walker,DISTANCE_FINAL_POS,multi_map,excpected_fitnessevo_ent,0.04,284.6012372970581,4.76044100522995,140.786,1.4452869
355,humanoid,DISTANCE_FINAL_POS,multi_map,excpected_fitnessevo_ent,0.00390625,1557.883529663086,3.0642664432525635,509.0575,0.9586539
356,ant,DISTANCE_FINAL_POS,multi_map,excpected_fitnessevo_ent,0.00390625,-2192.0853881835938,12.32491683959961,-494.2778,3.2731466
357,walker,DISTANCE_CONTACT,multi_map,excpected_fitnessevo_ent,0.2900390625,10763.090601921082,107.95459491759539,112.74684,1.1797365
358,humanoid,DISTANCE_CONTACT,multi_map,excpected_fitnessevo_ent,0.28125,61013.54806518555,107.4503514599055,618.9461,1.4210256
359,ant,DISTANCE_CONTACT,multi_map,excpected_fitnessevo_ent,0.021604938271604937,-1584.161946296692,56.521001160144806,201.99826,4.2750883
360,walker,NORMAL_FINAL_POS,multi_map,excpected_fitnessevo_ent,0.04,345.2405185699463,3.6055082082748413,107.78042,1.16733
361,humanoid,NORMAL_FINAL_POS,multi_map,excpected_fitnessevo_ent,0.00390625,1585.73095703125,2.7330175638198853,522.0033,1.333985
362,ant,NORMAL_FINAL_POS,multi_map,excpected_fitnessevo_ent,0.005859375,421.2241859436035,13.475651502609253,210.47433,3.9668899
363,walker,NORMAL_CONTACT,multi_map,excpected_fitnessevo_ent,0.154296875,9448.89234828949,96.50050573796034,124.36619,1.2355322
364,humanoid,NORMAL_CONTACT,multi_map,excpected_fitnessevo_ent,0.3544921875,74972.31118774414,114.17588662728667,406.56046,1.266074
365,ant,NORMAL_CONTACT,multi_map,excpected_fitnessevo_ent,0.02700617283950617,510.43978118896484,48.518196284770966,210.29474,2.446481
366,humanoid,DIRECTIONAL_CONTACT,multi_map,excpected_fitnessevo_ent,0.1259765625,20401.809196472168,26.32789496332407,322.3016,0.57551587
367,ant,DIRECTIONAL_CONTACT,multi_map,excpected_fitnessevo_ent,0.020833333333333332,-2738.7579431533813,50.86117082834244,192.67403,3.3093581
368,walker,CONTROL_FINAL_POS,multi_map,excpected_fitnessevo_ent,0.04,653.3529052734375,4.262470304965973,179.12912,1.4959152
369,humanoid,CONTROL_FINAL_POS,multi_map,excpected_fitnessevo_ent,0.00390625,2084.4873657226562,3.235605537891388,635.49615,0.8494199
370,ant,CONTROL_FINAL_POS,multi_map,excpected_fitnessevo_ent,0.00390625,905.7331695556641,0.7427833527326584,227.128,0.24135426
371,walker,DISTANCE_FINAL_POS,multi_map,excpected_fitnessevo_ent,0.02,21.49122190475464,2.2540314197540283,14.854262,1.2624055
372,humanoid,DISTANCE_FINAL_POS,multi_map,excpected_fitnessevo_ent,0.00390625,1187.7551727294922,3.7246121764183044,431.8287,1.160341
373,ant,DISTANCE_FINAL_POS,multi_map,excpected_fitnessevo_ent,0.00390625,-1938.6295776367188,11.600965976715088,-427.04373,2.9784703
374,walker,DISTANCE_CONTACT,multi_map,excpected_fitnessevo_ent,0.2119140625,16828.628518104553,193.27328933775425,123.30605,1.500821
375,humanoid,DISTANCE_CONTACT,multi_map,excpected_fitnessevo_ent,0.2919921875,81945.89455413818,187.02572812698781,567.9016,1.3028618
376,ant,DISTANCE_CONTACT,multi_map,excpected_fitnessevo_ent,0.023148148148148147,-4097.202835083008,94.927177131176,216.39923,5.7751966
377,walker,NORMAL_FINAL_POS,multi_map,excpected_fitnessevo_ent,0.04,438.0978469848633,4.697145640850067,133.53131,1.659933
378,humanoid,NORMAL_FINAL_POS,multi_map,excpected_fitnessevo_ent,0.00390625,1179.801658630371,2.6161909252405167,412.86093,0.9435998
379,ant,NORMAL_FINAL_POS,multi_map,excpected_fitnessevo_ent,0.00390625,717.447940826416,2.0376346558332443,222.2611,1.0967062
380,walker,NORMAL_CONTACT,multi_map,excpected_fitnessevo_ent,0.3076171875,21555.309893369675,253.45115610957146,153.0964,1.3350254
381,humanoid,NORMAL_CONTACT,multi_map,excpected_fitnessevo_ent,0.3017578125,68052.70022583008,116.98492771666497,403.59625,1.0609015
382,ant,NORMAL_CONTACT,multi_map,excpected_fitnessevo_ent,0.02700617283950617,-1985.7456507086754,53.10360664129257,204.98982,2.616278
383,humanoid,DIRECTIONAL_CONTACT,multi_map,excpected_fitnessevo_ent,0.1259765625,21044.860076904297,27.115639805793762,390.70242,0.85831356
384,ant,DIRECTIONAL_CONTACT,multi_map,excpected_fitnessevo_ent,0.023148148148148147,-8078.597014427185,64.2563705444336,204.93866,3.0821755
385,walker,CONTROL_FINAL_POS,multi_map,excpected_fitnessevo_ent,0.04,351.6281490325928,3.4095258712768555,120.75511,1.0344388
386,humanoid,CONTROL_FINAL_POS,multi_map,excpected_fitnessevo_ent,0.00390625,1628.029296875,3.389120876789093,492.60974,1.1678417
387,ant,CONTROL_FINAL_POS,multi_map,excpected_fitnessevo_ent,0.00390625,776.0955505371094,1.3820624649524689,223.46959,0.4021574
388,walker,DISTANCE_FINAL_POS,multi_map,excpected_fitnessevo_ent,0.04,327.7455825805664,4.5816497802734375,146.87143,1.3265375
389,humanoid,DISTANCE_FINAL_POS,multi_map,excpected_fitnessevo_ent,0.00390625,1643.1846313476562,3.270473897457123,493.8363,0.951566
390,ant,DISTANCE_FINAL_POS,multi_map,excpected_fitnessevo_ent,0.0048828125,-1100.7363586425781,18.534644603729248,111.312225,4.252077
391,walker,DISTANCE_CONTACT,multi_map,excpected_fitnessevo_ent,0.2353515625,8635.715812683105,217.02651386335492,173.36705,1.7237799
392,humanoid,DISTANCE_CONTACT,multi_map,excpected_fitnessevo_ent,0.32421875,60124.82360076904,85.75054431054741,375.23148,0.7639981
393,ant,DISTANCE_CONTACT,multi_map,excpected_fitnessevo_ent,0.018518518518518517,-2957.1085662841797,65.39866268634796,198.20105,3.681906
394,walker,NORMAL_FINAL_POS,multi_map,excpected_fitnessevo_ent,0.04,410.62692737579346,3.674198567867279,151.08371,1.1555952
395,humanoid,NORMAL_FINAL_POS,multi_map,excpected_fitnessevo_ent,0.00390625,1341.9148406982422,3.204978972673416,446.75598,1.2905972
396,ant,NORMAL_FINAL_POS,multi_map,excpected_fitnessevo_ent,0.0048828125,26.748519897460938,7.509552299976349,215.66072,4.1348395
397,walker,NORMAL_CONTACT,multi_map,excpected_fitnessevo_ent,0.2939453125,15840.509825706482,277.29816260933876,160.32864,1.39761
398,humanoid,NORMAL_CONTACT,multi_map,excpected_fitnessevo_ent,0.3271484375,79415.25338745117,131.70624931156635,557.6391,1.6623771
399,ant,NORMAL_CONTACT,multi_map,excpected_fitnessevo_ent,0.023148148148148147,405.34443378448486,41.043978586792946,214.45934,2.775334
400,humanoid,DIRECTIONAL_CONTACT,multi_map,excpected_fitnessevo_ent,0.298828125,53961.69347381592,82.49971355870366,361.19617,0.8199922
401,ant,DIRECTIONAL_CONTACT,multi_map,excpected_fitnessevo_ent,0.026234567901234566,-3869.225595474243,66.69903165102005,200.94974,3.2001522
402,walker,CONTROL_FINAL_POS,multi_map,excpected_fitnessevo_ent,0.04,620.7875823974609,4.892653584480286,170.15024,1.3893118
403,humanoid,CONTROL_FINAL_POS,multi_map,excpected_fitnessevo_ent,0.00390625,1929.4252624511719,3.2041051983833313,546.10046,1.2633961
404,ant,CONTROL_FINAL_POS,multi_map,excpected_fitnessevo_ent,0.00390625,11.93572998046875,8.094197750091553,206.0005,2.7406535
405,walker,DISTANCE_FINAL_POS,multi_map,excpected_fitnessevo_ent,0.04,244.20564079284668,4.455217003822327,120.44267,1.3421017
406,humanoid,DISTANCE_FINAL_POS,multi_map,excpected_fitnessevo_ent,0.00390625,1404.1238708496094,3.5607824623584747,475.98758,1.1100434
407,ant,DISTANCE_FINAL_POS,multi_map,excpected_fitnessevo_ent,0.0068359375,12.490127563476562,33.3600218296051,194.16371,6.9625025
408,walker,DISTANCE_CONTACT,multi_map,excpected_fitnessevo_ent,0.1884765625,10793.583897590637,147.86998402699828,138.35718,1.2307676
409,humanoid,DISTANCE_CONTACT,multi_map,excpected_fitnessevo_ent,0.3251953125,66663.59260559082,115.72094252705574,369.29358,0.8659822
410,ant,DISTANCE_CONTACT,multi_map,excpected_fitnessevo_ent,0.023919753086419752,-71.78307342529297,43.20848248898983,185.7366,2.8920033
411,walker,NORMAL_FINAL_POS,multi_map,excpected_fitnessevo_ent,0.04,399.88890838623047,3.495241105556488,156.029,1.0709919
412,humanoid,NORMAL_FINAL_POS,multi_map,excpected_fitnessevo_ent,0.00390625,1752.7561950683594,3.1310445070266724,479.37656,0.96351975
413,ant,NORMAL_FINAL_POS,multi_map,excpected_fitnessevo_ent,0.00390625,613.0955066680908,2.668523281812668,216.29858,1.2196068
414,walker,NORMAL_CONTACT,multi_map,excpected_fitnessevo_ent,0.28125,11495.282875061035,189.07471831142902,140.27995,1.3462546
415,humanoid,NORMAL_CONTACT,multi_map,excpected_fitnessevo_ent,0.3544921875,76311.21511077881,110.0320847723633,508.74408,0.7898355
416,ant,NORMAL_CONTACT,multi_map,excpected_fitnessevo_ent,0.022376543209876542,-191.92631149291992,53.891034960746765,234.15709,3.837859
417,humanoid,DIRECTIONAL_CONTACT,multi_map,excpected_fitnessevo_ent,0.0966796875,18723.38478088379,31.2388501111418,363.2184,0.84451187
418,ant,DIRECTIONAL_CONTACT,multi_map,excpected_fitnessevo_ent,0.021604938271604937,-1371.7173099517822,56.02592495083809,222.8619,3.6639218
419,walker,CONTROL_FINAL_POS,multi_map,excpected_fitnessevo_ent,0.04,379.82798957824707,4.0025514960289,147.71701,1.2514601
420,humanoid,CONTROL_FINAL_POS,multi_map,excpected_fitnessevo_ent,0.00390625,1393.7200469970703,2.617731988430023,434.25534,0.72531605
421,ant,CONTROL_FINAL_POS,multi_map,excpected_fitnessevo_ent,0.00390625,692.0024719238281,4.596778929233551,191.84012,1.2985626
422,walker,DISTANCE_FINAL_POS,multi_map,excpected_fitnessevo_ent,0.04,416.6803252696991,5.3789756298065186,147.28218,1.7982174
423,humanoid,DISTANCE_FINAL_POS,multi_map,excpected_fitnessevo_ent,0.00390625,1435.6542358398438,3.859853506088257,412.66824,1.3576809
424,ant,DISTANCE_FINAL_POS,multi_map,excpected_fitnessevo_ent,0.0048828125,-1334.898193359375,19.675048112869263,-133.32774,4.959892
425,walker,DISTANCE_CONTACT,multi_map,excpected_fitnessevo_ent,0.3076171875,10755.056069374084,176.17274797242135,106.61617,1.220323
426,humanoid,DISTANCE_CONTACT,multi_map,excpected_fitnessevo_ent,0.2470703125,62914.779067993164,98.71973010525107,415.7856,0.92298216
427,ant,DISTANCE_CONTACT,multi_map,excpected_fitnessevo_ent,0.020833333333333332,-218.8775954246521,59.97980636358261,214.71893,3.5195715
428,walker,NORMAL_FINAL_POS,multi_map,excpected_fitnessevo_ent,0.04,419.24095153808594,4.386947810649872,146.5699,1.2270094
429,humanoid,NORMAL_FINAL_POS,multi_map,excpected_fitnessevo_ent,0.00390625,2117.258819580078,3.1221271753311157,631.1368,0.9139131
430,ant,NORMAL_FINAL_POS,multi_map,excpected_fitnessevo_ent,0.00390625,-3.7292263507843018,5.385911554098129,215.3864,2.1870131
431,walker,NORMAL_CONTACT,multi_map,excpected_fitnessevo_ent,0.296875,15335.210973024368,179.21520480513573,142.15375,1.4889494
432,humanoid,NORMAL_CONTACT,multi_map,excpected_fitnessevo_ent,0.138671875,32505.395263671875,44.44766407832503,361.43335,1.1188015
433,ant,NORMAL_CONTACT,multi_map,excpected_fitnessevo_ent,0.029320987654320986,-1219.060908317566,53.30841505527496,215.25204,2.7576075
434,humanoid,DIRECTIONAL_CONTACT,multi_map,excpected_fitnessevo_ent,0.25,58997.197998046875,98.8683804795146,449.59766,0.9363475
435,ant,DIRECTIONAL_CONTACT,multi_map,excpected_fitnessevo_ent,0.019290123456790122,-2752.1617460250854,51.24174439907074,179.98294,3.4520462
436,walker,CONTROL_FINAL_POS,multi_map,excpected_fitnessevo_ent,0.02,182.29117584228516,0.7253067195415497,100.132866,0.39006567
437,humanoid,CONTROL_FINAL_POS,multi_map,excpected_fitnessevo_ent,0.00390625,1603.2994384765625,1.8004706799983978,468.46832,0.5494117
438,ant,CONTROL_FINAL_POS,multi_map,excpected_fitnessevo_ent,0.00390625,106.30363655090332,7.351803541183472,191.54587,2.8766925
439,walker,DISTANCE_FINAL_POS,multi_map,excpected_fitnessevo_ent,0.04,347.5208568572998,5.419374704360962,144.89355,1.7137561
440,humanoid,DISTANCE_FINAL_POS,multi_map,excpected_fitnessevo_ent,0.00390625,1330.3025360107422,3.764470338821411,491.3452,1.1029047
441,ant,DISTANCE_FINAL_POS,multi_map,excpected_fitnessevo_ent,0.00390625,-1392.8278503417969,15.306171655654907,-288.50842,4.3630357
442,walker,DISTANCE_CONTACT,multi_map,excpected_fitnessevo_ent,0.2744140625,6605.132890634239,239.00155851989985,68.35538,1.3077002
443,humanoid,DISTANCE_CONTACT,multi_map,excpected_fitnessevo_ent,0.2373046875,50081.54852294922,77.3359865359962,482.0056,1.0835948
444,ant,DISTANCE_CONTACT,multi_map,excpected_fitnessevo_ent,0.038580246913580245,-2130.15043258667,62.71839448809624,211.88913,3.725851
445,walker,NORMAL_FINAL_POS,multi_map,excpected_fitnessevo_ent,0.04,503.1401062011719,4.119562029838562,155.70825,1.055536
446,humanoid,NORMAL_FINAL_POS,multi_map,excpected_fitnessevo_ent,0.00390625,1327.7667846679688,2.3223791420459747,398.04565,0.77782667
447,ant,NORMAL_FINAL_POS,multi_map,excpected_fitnessevo_ent,0.005859375,-509.72871017456055,19.183416068553925,212.9207,5.8220286
448,walker,NORMAL_CONTACT,multi_map,excpected_fitnessevo_ent,0.2021484375,10365.292405128479,119.21567859593779,108.667725,1.2014234
449,humanoid,NORMAL_CONTACT,multi_map,excpected_fitnessevo_ent,0.251953125,50272.32767486572,81.19186070561409,403.07938,0.95943874
450,ant,NORMAL_CONTACT,multi_map,excpected_fitnessevo_ent,0.020833333333333332,-4065.142753601074,56.39884555339813,207.26503,3.1164582
451,humanoid,DIRECTIONAL_CONTACT,multi_map,excpected_fitnessevo_ent,0.2265625,50381.21893310547,86.84902419149876,435.44287,0.95968735
452,ant,DIRECTIONAL_CONTACT,multi_map,excpected_fitnessevo_ent,0.019290123456790122,-4805.534107208252,62.77327275276184,203.9792,4.2468796
453,walker,CONTROL_FINAL_POS,multi_map,excpected_fitnessevo_ent,0.04,450.14919662475586,4.797617554664612,154.27332,1.5880804
454,humanoid,CONTROL_FINAL_POS,multi_map,excpected_fitnessevo_ent,0.00390625,1976.4347534179688,2.6371509432792664,620.15985,0.83545727
455,ant,CONTROL_FINAL_POS,multi_map,excpected_fitnessevo_ent,0.00390625,543.5185499191284,3.931432068347931,196.78679,1.1301353
456,walker,DISTANCE_FINAL_POS,multi_map,excpected_fitnessevo_ent,0.04,430.2332344055176,6.207887530326843,194.11081,1.8526727
457,humanoid,DISTANCE_FINAL_POS,multi_map,excpected_fitnessevo_ent,0.00390625,1254.2854919433594,2.98119392991066,379.03445,0.98029804
458,ant,DISTANCE_FINAL_POS,multi_map,excpected_fitnessevo_ent,0.0078125,-1792.746747970581,37.72283339500427,-26.371878,5.97754
459,walker,DISTANCE_CONTACT,multi_map,excpected_fitnessevo_ent,0.3056640625,16394.796072006226,280.29591577500105,188.63528,1.708035
460,humanoid,DISTANCE_CONTACT,multi_map,excpected_fitnessevo_ent,0.345703125,102063.54587554932,182.78251548483968,663.6749,1.1151316
461,ant,DISTANCE_CONTACT,multi_map,excpected_fitnessevo_ent,0.023148148148148147,-4431.172164916992,66.99696427583694,170.96527,4.0345654
462,walker,NORMAL_FINAL_POS,multi_map,excpected_fitnessevo_ent,0.04,376.3713684082031,3.930649220943451,123.15998,1.4725957
463,humanoid,NORMAL_FINAL_POS,multi_map,excpected_fitnessevo_ent,0.00390625,1823.5014953613281,2.8826630115509033,475.4096,1.1279109
464,ant,NORMAL_FINAL_POS,multi_map,excpected_fitnessevo_ent,0.005859375,-5.049053192138672,12.891916811466217,215.91483,4.9026594
465,walker,NORMAL_CONTACT,multi_map,excpected_fitnessevo_ent,0.1103515625,8224.90754032135,106.03697115182877,125.18658,1.4352537
466,humanoid,NORMAL_CONTACT,multi_map,excpected_fitnessevo_ent,0.384765625,105179.67791748047,186.34650456160307,550.6117,0.8551357
467,ant,NORMAL_CONTACT,multi_map,excpected_fitnessevo_ent,0.019290123456790122,-1098.3652443289757,41.90792030096054,221.99944,2.6082115
468,walker,CONTROL_FINAL_POS,nd_sorted_map,excpected_fitnessinnovation,0.04,400.06727600097656,4.14208048582077,124.90679,1.0983268
469,humanoid,CONTROL_FINAL_POS,nd_sorted_map,excpected_fitnessinnovation,0.00390625,1647.1186828613281,2.369774639606476,448.76068,0.6994287
470,ant,CONTROL_FINAL_POS,nd_sorted_map,excpected_fitnessinnovation,0.00390625,863.8359069824219,1.3189499080181122,221.27512,0.35438538
471,walker,DISTANCE_FINAL_POS,nd_sorted_map,excpected_fitnessinnovation,0.04,291.10192108154297,5.135272026062012,137.52246,1.5766058
472,humanoid,DISTANCE_FINAL_POS,nd_sorted_map,excpected_fitnessinnovation,0.00390625,1663.6998748779297,3.745751917362213,541.0283,1.2826238
473,ant,DISTANCE_FINAL_POS,nd_sorted_map,excpected_fitnessinnovation,0.005859375,-1779.9430770874023,27.630326986312866,-44.684753,7.6447024
474,walker,DISTANCE_CONTACT,nd_sorted_map,excpected_fitnessinnovation,0.2001953125,8914.326445043087,144.04403957910836,134.95523,1.3937005
475,humanoid,DISTANCE_CONTACT,nd_sorted_map,excpected_fitnessinnovation,0.326171875,68929.31401062012,119.84386892803013,459.22357,1.0808475
476,ant,DISTANCE_CONTACT,nd_sorted_map,excpected_fitnessinnovation,0.019290123456790122,-4090.0381622314453,71.03352373838425,193.54411,5.0339475
477,walker,NORMAL_FINAL_POS,nd_sorted_map,excpected_fitnessinnovation,0.04,484.20263671875,4.126876771450043,148.64383,1.3451421
478,humanoid,NORMAL_FINAL_POS,nd_sorted_map,excpected_fitnessinnovation,0.00390625,1622.784423828125,2.809478908777237,588.903,0.8670633
479,ant,NORMAL_FINAL_POS,nd_sorted_map,excpected_fitnessinnovation,0.00390625,199.698486328125,8.05974793434143,202.19269,2.4205074
480,walker,NORMAL_CONTACT,nd_sorted_map,excpected_fitnessinnovation,0.1669921875,11628.865954399109,127.40532873570919,142.20699,1.52915
481,humanoid,NORMAL_CONTACT,nd_sorted_map,excpected_fitnessinnovation,0.2373046875,45955.48274230957,79.78745139203966,355.09866,1.0157379
482,ant,NORMAL_CONTACT,nd_sorted_map,excpected_fitnessinnovation,0.016975308641975308,217.8697738647461,31.38293355703354,203.31093,3.1021912
483,humanoid,DIRECTIONAL_CONTACT,nd_sorted_map,excpected_fitnessinnovation,0.2138671875,36988.18486022949,44.35311631113291,416.10355,0.6925295
484,ant,DIRECTIONAL_CONTACT,nd_sorted_map,excpected_fitnessinnovation,0.02546296296296296,-4322.348375320435,65.89573761820793,210.01138,3.6250818
485,walker,CONTROL_FINAL_POS,nd_sorted_map,excpected_fitnessinnovation,0.04,419.72711181640625,3.676113575696945,148.17822,1.5077146
486,humanoid,CONTROL_FINAL_POS,nd_sorted_map,excpected_fitnessinnovation,0.00390625,1410.6729431152344,2.1578684747219086,428.02408,0.71424675
487,ant,CONTROL_FINAL_POS,nd_sorted_map,excpected_fitnessinnovation,0.005859375,-170.43724060058594,12.303958609700203,228.52786,4.356448
488,walker,DISTANCE_FINAL_POS,nd_sorted_map,excpected_fitnessinnovation,0.03,152.77964448928833,3.438596248626709,142.21811,1.3424766
489,humanoid,DISTANCE_FINAL_POS,nd_sorted_map,excpected_fitnessinnovation,0.00390625,1441.9351806640625,3.584591805934906,504.68472,1.0042969
490,ant,DISTANCE_FINAL_POS,nd_sorted_map,excpected_fitnessinnovation,0.005859375,-1063.1544952392578,27.58533024787903,-78.51196,6.3988595
491,walker,DISTANCE_CONTACT,nd_sorted_map,excpected_fitnessinnovation,0.2548828125,11390.169394493103,191.2567813768983,131.5114,1.5393312
492,humanoid,DISTANCE_CONTACT,nd_sorted_map,excpected_fitnessinnovation,0.3359375,94728.31955718994,193.55057234317064,481.69254,1.2941377
493,ant,DISTANCE_CONTACT,nd_sorted_map,excpected_fitnessinnovation,0.022376543209876542,-1668.3520641326904,65.13444605469704,211.90125,4.1672554
494,walker,NORMAL_FINAL_POS,nd_sorted_map,excpected_fitnessinnovation,0.03,310.0128631591797,2.7742722630500793,135.06825,1.0234342
495,humanoid,NORMAL_FINAL_POS,nd_sorted_map,excpected_fitnessinnovation,0.00390625,1672.8333740234375,3.1640284061431885,522.37054,1.080584
496,ant,NORMAL_FINAL_POS,nd_sorted_map,excpected_fitnessinnovation,0.00390625,711.919189453125,2.723209500312805,238.37886,0.9265573
497,walker,NORMAL_CONTACT,nd_sorted_map,excpected_fitnessinnovation,0.236328125,11328.861666679382,131.0148221924901,151.50041,1.167682
498,humanoid,NORMAL_CONTACT,nd_sorted_map,excpected_fitnessinnovation,0.1865234375,42362.98462677002,74.83787191659212,653.04803,1.1262689
499,ant,NORMAL_CONTACT,nd_sorted_map,excpected_fitnessinnovation,0.032407407407407406,1143.4909591674805,74.99512034654617,238.59357,3.6641154
500,humanoid,DIRECTIONAL_CONTACT,nd_sorted_map,excpected_fitnessinnovation,0.0048828125,980.28955078125,0.6902089789509773,230.44644,0.2803347
501,ant,DIRECTIONAL_CONTACT,nd_sorted_map,excpected_fitnessinnovation,0.0030864197530864196,569.7087421417236,5.041363894939423,190.04105,1.6941633
502,walker,CONTROL_FINAL_POS,nd_sorted_map,excpected_fitnessinnovation,0.03,265.796049118042,2.985061526298523,155.84665,1.1427366
503,humanoid,CONTROL_FINAL_POS,nd_sorted_map,excpected_fitnessinnovation,0.001953125,560.2844848632812,0.8303544223308563,294.17896,0.48195913
504,ant,CONTROL_FINAL_POS,nd_sorted_map,excpected_fitnessinnovation,0.0029296875,218.84884643554688,3.821305572986603,227.42009,3.3762994
505,walker,DISTANCE_FINAL_POS,nd_sorted_map,excpected_fitnessinnovation,0.02,215.59547424316406,1.0126477479934692,131.38968,0.8508122
506,humanoid,DISTANCE_FINAL_POS,nd_sorted_map,excpected_fitnessinnovation,0.0009765625,320.0696105957031,0.7642530798912048,320.0696,0.7642531
507,ant,DISTANCE_FINAL_POS,nd_sorted_map,excpected_fitnessinnovation,0.0029296875,177.67108154296875,3.0388696789741516,193.68929,1.5925568
508,walker,DISTANCE_CONTACT,nd_sorted_map,excpected_fitnessinnovation,0.0048828125,145.72251319885254,4.498416170477867,66.47754,1.2780331
509,humanoid,DISTANCE_CONTACT,nd_sorted_map,excpected_fitnessinnovation,0.00390625,1233.9086303710938,1.4966207146644592,357.3832,0.54943025
510,ant,DISTANCE_CONTACT,nd_sorted_map,excpected_fitnessinnovation,0.0023148148148148147,254.4057388305664,3.8536000847816467,166.25195,2.0485256
511,walker,NORMAL_FINAL_POS,nd_sorted_map,excpected_fitnessinnovation,0.02,108.91324424743652,2.05414742231369,95.25947,1.0777878
512,humanoid,NORMAL_FINAL_POS,nd_sorted_map,excpected_fitnessinnovation,0.001953125,794.0914001464844,1.6135374307632446,402.6443,0.85026914
513,ant,NORMAL_FINAL_POS,nd_sorted_map,excpected_fitnessinnovation,0.0009765625,236.09828186035156,2.188553810119629,236.09828,2.1885538
514,walker,NORMAL_CONTACT,nd_sorted_map,excpected_fitnessinnovation,0.001953125,36.74010181427002,1.752312958240509,20.74373,0.9084558
515,humanoid,NORMAL_CONTACT,nd_sorted_map,excpected_fitnessinnovation,0.0048828125,1289.615478515625,1.9030430391430855,305.69446,0.50915086
516,ant,NORMAL_CONTACT,nd_sorted_map,excpected_fitnessinnovation,0.0030864197530864196,501.81349182128906,3.5988208949565887,215.87543,1.8252211
517,humanoid,DIRECTIONAL_CONTACT,nd_sorted_map,excpected_fitnessinnovation,0.0029296875,946.1209716796875,1.3999027609825134,324.3645,0.527655
518,ant,DIRECTIONAL_CONTACT,nd_sorted_map,excpected_fitnessinnovation,0.0023148148148148147,320.71892166137695,2.913012981414795,195.5488,1.6780702
519,walker,CONTROL_FINAL_POS,nd_sorted_map,excpected_fitnessinnovation,0.01,63.321449279785156,0.31110653281211853,63.32145,0.31110653
520,humanoid,CONTROL_FINAL_POS,nd_sorted_map,excpected_fitnessinnovation,0.001953125,591.2422790527344,0.900391548871994,300.92752,0.45653018
521,ant,CONTROL_FINAL_POS,nd_sorted_map,excpected_fitnessinnovation,0.0029296875,39.945343017578125,4.234043478965759,191.80211,1.6841369
522,walker,DISTANCE_FINAL_POS,nd_sorted_map,excpected_fitnessinnovation,0.02,41.71322250366211,1.9966227412223816,21.599262,1.0062436
523,humanoid,DISTANCE_FINAL_POS,nd_sorted_map,excpected_fitnessinnovation,0.0009765625,339.0628967285156,0.689030110836029,339.0629,0.6890301
524,ant,DISTANCE_FINAL_POS,nd_sorted_map,excpected_fitnessinnovation,0.0009765625,127.43051147460938,2.412053108215332,127.43051,2.412053
525,walker,DISTANCE_CONTACT,nd_sorted_map,excpected_fitnessinnovation,0.001953125,62.59034538269043,1.1482021510601044,31.768837,0.95715153
526,humanoid,DISTANCE_CONTACT,nd_sorted_map,excpected_fitnessinnovation,0.00390625,1572.1214904785156,3.1846086382865906,408.37625,0.8699156
527,ant,DISTANCE_CONTACT,nd_sorted_map,excpected_fitnessinnovation,0.0038580246913580245,554.5740814208984,3.552621692419052,217.36768,1.9880638
528,walker,NORMAL_FINAL_POS,nd_sorted_map,excpected_fitnessinnovation,0.03,245.4356689453125,2.1053572595119476,110.255806,1.0760313
529,humanoid,NORMAL_FINAL_POS,nd_sorted_map,excpected_fitnessinnovation,0.0009765625,551.2020263671875,0.737575352191925,551.202,0.73757535
530,ant,NORMAL_FINAL_POS,nd_sorted_map,excpected_fitnessinnovation,0.0029296875,208.94866943359375,4.324476987123489,229.49847,3.3984892
531,walker,NORMAL_CONTACT,nd_sorted_map,excpected_fitnessinnovation,0.0029296875,300.4955596923828,3.2894729375839233,112.46598,1.1038284
532,humanoid,NORMAL_CONTACT,nd_sorted_map,excpected_fitnessinnovation,0.0048828125,1671.7002258300781,3.1929051503539085,411.75937,0.93611693
533,ant,NORMAL_CONTACT,nd_sorted_map,excpected_fitnessinnovation,0.0038580246913580245,594.7713012695312,4.160945236682892,206.30547,1.7360955
534,humanoid,DIRECTIONAL_CONTACT,nd_sorted_map,excpected_fitnessinnovation,0.0048828125,1959.6979370117188,3.602797120809555,426.5611,0.8305575
535,ant,DIRECTIONAL_CONTACT,nd_sorted_map,excpected_fitnessinnovation,0.0030864197530864196,467.3679962158203,4.834051430225372,219.78984,2.282501
536,walker,CONTROL_FINAL_POS,nd_sorted_map,excpected_fitnessinnovation,0.01,124.24152374267578,0.9505945444107056,124.24152,0.95059454
537,humanoid,CONTROL_FINAL_POS,nd_sorted_map,excpected_fitnessinnovation,0.001953125,638.5857238769531,1.2246931791305542,332.66577,0.6679983
538,ant,CONTROL_FINAL_POS,nd_sorted_map,excpected_fitnessinnovation,0.001953125,-82.57618713378906,2.8154000639915466,203.69026,2.0550227
539,walker,DISTANCE_FINAL_POS,nd_sorted_map,excpected_fitnessinnovation,0.02,106.03139686584473,1.8078610301017761,85.81638,0.95376205
540,humanoid,DISTANCE_FINAL_POS,nd_sorted_map,excpected_fitnessinnovation,0.0009765625,321.88714599609375,0.6104493737220764,321.88715,0.6104494
541,ant,DISTANCE_FINAL_POS,nd_sorted_map,excpected_fitnessinnovation,0.001953125,-103.13961791992188,3.1783661246299744,207.32254,2.535453
542,walker,DISTANCE_CONTACT,nd_sorted_map,excpected_fitnessinnovation,0.001953125,111.99090194702148,1.4037280082702637,71.12727,0.99958915
543,humanoid,DISTANCE_CONTACT,nd_sorted_map,excpected_fitnessinnovation,0.00390625,1348.6673583984375,2.9138322472572327,372.48538,0.82799214
544,ant,DISTANCE_CONTACT,nd_sorted_map,excpected_fitnessinnovation,0.0030864197530864196,409.64903259277344,7.054882287979126,189.50246,3.3875704
545,walker,NORMAL_FINAL_POS,nd_sorted_map,excpected_fitnessinnovation,0.01,70.1713638305664,0.6348434686660767,70.171364,0.63484347
546,humanoid,NORMAL_FINAL_POS,nd_sorted_map,excpected_fitnessinnovation,0.001953125,566.5633850097656,0.6824421286582947,284.9753,0.35644683
547,ant,NORMAL_FINAL_POS,nd_sorted_map,excpected_fitnessinnovation,0.001953125,402.96331787109375,0.8763402104377747,210.90866,0.51087224
548,walker,NORMAL_CONTACT,nd_sorted_map,excpected_fitnessinnovation,0.001953125,69.99986267089844,1.134352520108223,36.87102,0.95646393
549,humanoid,NORMAL_CONTACT,nd_sorted_map,excpected_fitnessinnovation,0.0029296875,807.8535614013672,1.2371709495782852,340.92682,0.6330085
550,ant,NORMAL_CONTACT,nd_sorted_map,excpected_fitnessinnovation,0.0015432098765432098,-115.46192932128906,4.838884711265564,195.97197,3.7162907
551,humanoid,DIRECTIONAL_CONTACT,nd_sorted_map,excpected_fitnessinnovation,0.0048828125,1995.1592407226562,4.069417417049408,508.71478,0.8872938
552,ant,DIRECTIONAL_CONTACT,nd_sorted_map,excpected_fitnessinnovation,0.0030864197530864196,645.3535766601562,3.828114330768585,180.56921,1.2214209
553,walker,CONTROL_FINAL_POS,nd_sorted_map,excpected_fitnessinnovation,0.01,36.618961334228516,0.8289474844932556,36.61896,0.8289475
554,humanoid,CONTROL_FINAL_POS,nd_sorted_map,excpected_fitnessinnovation,0.001953125,692.2255859375,1.2343959212303162,352.79285,0.63467646
555,ant,CONTROL_FINAL_POS,nd_sorted_map,excpected_fitnessinnovation,0.0029296875,317.92645263671875,3.1976264119148254,197.21945,1.5612904
556,walker,DISTANCE_FINAL_POS,nd_sorted_map,excpected_fitnessinnovation,0.02,189.6469612121582,1.8547871708869934,150.10182,0.93782425
557,humanoid,DISTANCE_FINAL_POS,nd_sorted_map,excpected_fitnessinnovation,0.001953125,827.1903076171875,1.5772883296012878,423.2821,0.90688163
558,ant,DISTANCE_FINAL_POS,nd_sorted_map,excpected_fitnessinnovation,0.0029296875,209.63784790039062,3.8434702157974243,182.3776,2.1293972
559,walker,DISTANCE_CONTACT,nd_sorted_map,excpected_fitnessinnovation,0.001953125,228.49066162109375,1.6872758269309998,136.22806,1.036311
560,humanoid,DISTANCE_CONTACT,nd_sorted_map,excpected_fitnessinnovation,0.001953125,670.947509765625,1.163787603378296,344.31256,0.618098
561,ant,DISTANCE_CONTACT,nd_sorted_map,excpected_fitnessinnovation,0.0023148148148148147,308.24583435058594,8.782292366027832,217.94408,3.2468724
562,walker,NORMAL_FINAL_POS,nd_sorted_map,excpected_fitnessinnovation,0.01,43.13164520263672,0.9739359617233276,43.131645,0.97393596
563,humanoid,NORMAL_FINAL_POS,nd_sorted_map,excpected_fitnessinnovation,0.001953125,429.71783447265625,0.24161691032350063,248.62413,0.21499698
564,ant,NORMAL_FINAL_POS,nd_sorted_map,excpected_fitnessinnovation,0.0009765625,221.90933227539062,1.1152113676071167,221.90933,1.1152114
565,walker,NORMAL_CONTACT,nd_sorted_map,excpected_fitnessinnovation,0.00390625,140.7861099243164,3.0177546441555023,44.666565,0.9590713
566,humanoid,NORMAL_CONTACT,nd_sorted_map,excpected_fitnessinnovation,0.0048828125,1194.4833526611328,1.4121839702129364,316.82468,0.6800254
567,ant,NORMAL_CONTACT,nd_sorted_map,excpected_fitnessinnovation,0.0030864197530864196,718.992880821228,7.83796763420105,244.14803,2.0865636
568,humanoid,DIRECTIONAL_CONTACT,nd_sorted_map,excpected_fitnessinnovation,0.0048828125,1892.2939758300781,3.809144675731659,395.80524,0.831368
569,ant,DIRECTIONAL_CONTACT,nd_sorted_map,excpected_fitnessinnovation,0.0023148148148148147,243.0196075439453,3.996616780757904,205.63805,2.858289
570,walker,CONTROL_FINAL_POS,nd_sorted_map,excpected_fitnessinnovation,0.02,146.0224266052246,2.4492284059524536,120.26404,1.3195704
571,humanoid,CONTROL_FINAL_POS,nd_sorted_map,excpected_fitnessinnovation,0.001953125,798.7339172363281,1.6608527898788452,446.09158,0.9017966
572,ant,CONTROL_FINAL_POS,nd_sorted_map,excpected_fitnessinnovation,0.001953125,415.4900817871094,1.1368403136730194,213.02953,0.6973543
573,walker,DISTANCE_FINAL_POS,nd_sorted_map,excpected_fitnessinnovation,0.01,31.719648361206055,0.9682856798171997,31.719648,0.9682857
574,humanoid,DISTANCE_FINAL_POS,nd_sorted_map,excpected_fitnessinnovation,0.001953125,743.6634521484375,1.4837952852249146,376.99347,0.77581143
575,ant,DISTANCE_FINAL_POS,nd_sorted_map,excpected_fitnessinnovation,0.0009765625,-230.9851531982422,3.0663552284240723,-230.98515,3.0663552
576,walker,DISTANCE_CONTACT,nd_sorted_map,excpected_fitnessinnovation,0.00390625,347.92480087280273,4.270698070526123,109.612656,1.2263578
577,humanoid,DISTANCE_CONTACT,nd_sorted_map,excpected_fitnessinnovation,0.0029296875,964.4241027832031,1.8665965497493744,333.06015,0.8197211
578,ant,DISTANCE_CONTACT,nd_sorted_map,excpected_fitnessinnovation,0.0038580246913580245,384.3698043823242,8.020286679267883,189.36862,2.2111742
579,walker,NORMAL_FINAL_POS,nd_sorted_map,excpected_fitnessinnovation,0.02,154.28620529174805,2.035244882106781,104.08229,1.0591655
580,humanoid,NORMAL_FINAL_POS,nd_sorted_map,excpected_fitnessinnovation,0.0009765625,221.759521484375,0.1936863660812378,221.75952,0.19368637
581,ant,NORMAL_FINAL_POS,nd_sorted_map,excpected_fitnessinnovation,0.001953125,-103.86750793457031,3.670723855495453,220.7452,3.1647716
582,walker,NORMAL_CONTACT,nd_sorted_map,excpected_fitnessinnovation,0.001953125,124.38574409484863,2.012403428554535,105.54076,1.0498008
583,humanoid,NORMAL_CONTACT,nd_sorted_map,excpected_fitnessinnovation,0.0048828125,1793.890380859375,3.4972586929798126,405.43878,0.89269125
584,ant,NORMAL_CONTACT,nd_sorted_map,excpected_fitnessinnovation,0.0023148148148148147,240.78451538085938,4.37565803527832,222.52666,2.9195733
585,humanoid,DIRECTIONAL_CONTACT,nd_sorted_map,excpected_fitnessevo_ent,0.1044921875,17033.393646240234,24.168008858338,351.52515,0.80864197
586,ant,DIRECTIONAL_CONTACT,nd_sorted_map,excpected_fitnessevo_ent,0.021604938271604937,-1018.8713684082031,40.64219331741333,189.47276,2.828011
587,walker,CONTROL_FINAL_POS,nd_sorted_map,excpected_fitnessevo_ent,0.04,662.3442535400391,3.357121527194977,237.80731,1.1859368
588,humanoid,CONTROL_FINAL_POS,nd_sorted_map,excpected_fitnessevo_ent,0.00390625,1366.8554382324219,2.625344395637512,410.52823,0.86431503
589,ant,CONTROL_FINAL_POS,nd_sorted_map,excpected_fitnessevo_ent,0.0048828125,-944.3197860717773,13.519855618476868,184.65324,4.2959905
590,walker,DISTANCE_FINAL_POS,nd_sorted_map,excpected_fitnessevo_ent,0.04,274.7793674468994,4.064333379268646,131.28484,1.0385652
591,humanoid,DISTANCE_FINAL_POS,nd_sorted_map,excpected_fitnessevo_ent,0.00390625,1084.8914413452148,2.563325196504593,397.30063,0.8704721
592,ant,DISTANCE_FINAL_POS,nd_sorted_map,excpected_fitnessevo_ent,0.00390625,-1956.3385009765625,15.502015352249146,-463.49866,4.3835135
593,walker,DISTANCE_CONTACT,nd_sorted_map,excpected_fitnessevo_ent,0.27734375,4957.515125364065,279.0448309779167,55.000103,1.9653754
594,humanoid,DISTANCE_CONTACT,nd_sorted_map,excpected_fitnessevo_ent,0.30078125,67903.33902740479,107.65086121484637,670.0319,1.4075295
595,ant,DISTANCE_CONTACT,nd_sorted_map,excpected_fitnessevo_ent,0.038580246913580245,-4167.808120250702,129.29260340332985,236.40898,4.396432
596,walker,NORMAL_FINAL_POS,nd_sorted_map,excpected_fitnessevo_ent,0.04,463.7134094238281,3.8053362369537354,151.1679,1.0638406
597,humanoid,NORMAL_FINAL_POS,nd_sorted_map,excpected_fitnessevo_ent,0.00390625,1681.0736694335938,2.922512710094452,440.28824,0.9389908
598,ant,NORMAL_FINAL_POS,nd_sorted_map,excpected_fitnessevo_ent,0.00390625,491.3577423095703,6.879292696714401,217.70789,3.1186519
599,walker,NORMAL_CONTACT,nd_sorted_map,excpected_fitnessevo_ent,0.2958984375,20373.05039525032,175.36583767086267,154.92117,1.4154638
600,humanoid,NORMAL_CONTACT,nd_sorted_map,excpected_fitnessevo_ent,0.25,52787.17301940918,77.4194634128362,383.8943,0.7923716
601,ant,NORMAL_CONTACT,nd_sorted_map,excpected_fitnessevo_ent,0.02546296296296296,-1821.2662000656128,56.86402082443237,190.58867,3.5731633
602,humanoid,DIRECTIONAL_CONTACT,nd_sorted_map,excpected_fitnessevo_ent,0.271484375,52506.49021148682,87.74955628812313,320.66998,0.8184978
603,ant,DIRECTIONAL_CONTACT,nd_sorted_map,excpected_fitnessevo_ent,0.017746913580246913,-2191.0820937156677,39.963000267744064,199.48856,3.5149148
604,walker,CONTROL_FINAL_POS,nd_sorted_map,excpected_fitnessevo_ent,0.04,456.4261360168457,3.833153009414673,139.96883,1.0333416
605,humanoid,CONTROL_FINAL_POS,nd_sorted_map,excpected_fitnessevo_ent,0.00390625,2014.4165954589844,2.524242401123047,563.285,0.713152
606,ant,CONTROL_FINAL_POS,nd_sorted_map,excpected_fitnessevo_ent,0.00390625,159.82270050048828,4.345317289233208,226.47223,2.6535842
607,walker,DISTANCE_FINAL_POS,nd_sorted_map,excpected_fitnessevo_ent,0.03,247.26425170898438,3.3835591077804565,116.10488,1.3728338
608,humanoid,DISTANCE_FINAL_POS,nd_sorted_map,excpected_fitnessevo_ent,0.00390625,1261.1399383544922,3.188897728919983,445.44452,1.192616
609,ant,DISTANCE_FINAL_POS,nd_sorted_map,excpected_fitnessevo_ent,0.00390625,-1477.5708274841309,13.904401540756226,53.752354,4.315774
610,walker,DISTANCE_CONTACT,nd_sorted_map,excpected_fitnessevo_ent,0.3076171875,7822.72074508667,207.04279450327158,119.62771,1.2730736
611,humanoid,DISTANCE_CONTACT,nd_sorted_map,excpected_fitnessevo_ent,0.353515625,74379.67680358887,118.30185646750033,426.6442,0.9626645
612,ant,DISTANCE_CONTACT,nd_sorted_map,excpected_fitnessevo_ent,0.021604938271604937,-1332.8406562805176,67.47702506184578,213.89725,4.0555854
613,walker,NORMAL_FINAL_POS,nd_sorted_map,excpected_fitnessevo_ent,0.04,499.06106185913086,4.517913103103638,166.66415,1.4258682
614,humanoid,NORMAL_FINAL_POS,nd_sorted_map,excpected_fitnessevo_ent,0.00390625,1639.1621398925781,2.7175049781799316,471.37335,0.79637724
615,ant,NORMAL_FINAL_POS,nd_sorted_map,excpected_fitnessevo_ent,0.00390625,711.7311325073242,3.860242009162903,214.71222,1.1618849
616,walker,NORMAL_CONTACT,nd_sorted_map,excpected_fitnessevo_ent,0.2861328125,25391.626252174377,239.13449092581868,198.68121,1.6076361
617,humanoid,NORMAL_CONTACT,nd_sorted_map,excpected_fitnessevo_ent,0.271484375,58548.12091064453,91.3762945048511,470.01053,1.0340803
618,ant,NORMAL_CONTACT,nd_sorted_map,excpected_fitnessevo_ent,0.023148148148148147,304.35473251342773,52.2669583261013,226.66298,3.3130903
619,humanoid,DIRECTIONAL_CONTACT,nd_sorted_map,excpected_fitnessevo_ent,0.2314453125,52172.89415740967,82.27820663712919,480.56503,0.8695912
620,ant,DIRECTIONAL_CONTACT,nd_sorted_map,excpected_fitnessevo_ent,0.020833333333333332,-2532.6589851379395,48.22384160757065,184.23238,3.2883666
621,walker,CONTROL_FINAL_POS,nd_sorted_map,excpected_fitnessevo_ent,0.04,427.63750648498535,3.2398934066295624,146.64803,1.1811758
622,humanoid,CONTROL_FINAL_POS,nd_sorted_map,excpected_fitnessevo_ent,0.00390625,1385.1084594726562,2.510228008031845,389.02176,1.0492798
623,ant,CONTROL_FINAL_POS,nd_sorted_map,excpected_fitnessevo_ent,0.00390625,-49.89949035644531,5.623795032501221,191.96869,2.1700802
624,walker,DISTANCE_FINAL_POS,nd_sorted_map,excpected_fitnessevo_ent,0.04,348.07781982421875,5.63831901550293,136.63855,1.5984777
625,humanoid,DISTANCE_FINAL_POS,nd_sorted_map,excpected_fitnessevo_ent,0.00390625,990.660774230957,1.9419680312275887,350.39145,0.88160634
626,ant,DISTANCE_FINAL_POS,nd_sorted_map,excpected_fitnessevo_ent,0.00390625,-1324.2780456542969,14.950415849685669,117.26584,4.803964
627,walker,DISTANCE_CONTACT,nd_sorted_map,excpected_fitnessevo_ent,0.2275390625,16787.09605026245,163.2611960042268,129.37566,1.4047581
628,humanoid,DISTANCE_CONTACT,nd_sorted_map,excpected_fitnessevo_ent,0.16015625,24041.40802001953,23.58917846530676,310.8371,0.60197574
629,ant,DISTANCE_CONTACT,nd_sorted_map,excpected_fitnessevo_ent,0.03009259259259259,-3214.2359771728516,90.46108031272888,207.80396,4.6795135
630,walker,NORMAL_FINAL_POS,nd_sorted_map,excpected_fitnessevo_ent,0.04,484.9067687988281,4.15760213136673,177.95332,1.112531
631,humanoid,NORMAL_FINAL_POS,nd_sorted_map,excpected_fitnessevo_ent,0.00390625,1177.5680084228516,2.4272191524505615,350.20856,0.7595912
632,ant,NORMAL_FINAL_POS,nd_sorted_map,excpected_fitnessevo_ent,0.005859375,120.36424255371094,15.978218615055084,190.10664,4.8084216
633,walker,NORMAL_CONTACT,nd_sorted_map,excpected_fitnessevo_ent,0.3154296875,19198.82523727417,208.6856575384736,168.91515,1.2553245
634,humanoid,NORMAL_CONTACT,nd_sorted_map,excpected_fitnessevo_ent,0.306640625,60531.108169555664,94.6088431160897,416.45367,0.92568034
635,ant,NORMAL_CONTACT,nd_sorted_map,excpected_fitnessevo_ent,0.021604938271604937,-362.7319793701172,43.885904520750046,209.75832,2.4230046
636,humanoid,DIRECTIONAL_CONTACT,nd_sorted_map,excpected_fitnessevo_ent,0.2158203125,29616.39764404297,38.4530242215842,312.81995,0.7437328
637,ant,DIRECTIONAL_CONTACT,nd_sorted_map,excpected_fitnessevo_ent,0.024691358024691357,-1487.3672637939453,58.0370267033577,203.76527,3.2559197
638,walker,CONTROL_FINAL_POS,nd_sorted_map,excpected_fitnessevo_ent,0.04,491.2562675476074,4.3700531125068665,156.3682,1.418776
639,humanoid,CONTROL_FINAL_POS,nd_sorted_map,excpected_fitnessevo_ent,0.00390625,1513.0747985839844,2.499133050441742,424.8704,0.8250544
640,ant,CONTROL_FINAL_POS,nd_sorted_map,excpected_fitnessevo_ent,0.00390625,470.3308410644531,4.693309426307678,212.29187,1.5425385
641,walker,DISTANCE_FINAL_POS,nd_sorted_map,excpected_fitnessevo_ent,0.04,263.93817710876465,4.755219578742981,114.83984,1.432151
642,humanoid,DISTANCE_FINAL_POS,nd_sorted_map,excpected_fitnessevo_ent,0.00390625,1556.122085571289,3.14272403717041,455.1812,1.0476922
643,ant,DISTANCE_FINAL_POS,nd_sorted_map,excpected_fitnessevo_ent,0.0078125,-1352.036202430725,44.43072509765625,83.94982,7.30174
644,walker,DISTANCE_CONTACT,nd_sorted_map,excpected_fitnessevo_ent,0.3203125,19459.081694602966,265.80890525504947,128.47842,1.6371223
645,humanoid,DISTANCE_CONTACT,nd_sorted_map,excpected_fitnessevo_ent,0.2568359375,52568.02293395996,88.40836824476719,509.03076,0.9521725
646,ant,DISTANCE_CONTACT,nd_sorted_map,excpected_fitnessevo_ent,0.017746913580246913,-598.6235284805298,55.068384528160095,176.73479,4.9785943
647,walker,NORMAL_FINAL_POS,nd_sorted_map,excpected_fitnessevo_ent,0.03,344.33190536499023,2.833238959312439,181.94191,1.1341208
648,humanoid,NORMAL_FINAL_POS,nd_sorted_map,excpected_fitnessevo_ent,0.00390625,2022.0600280761719,2.59338515996933,535.2969,0.7750886
649,ant,NORMAL_FINAL_POS,nd_sorted_map,excpected_fitnessevo_ent,0.0068359375,383.08856201171875,31.577779054641724,209.66568,7.964603
650,walker,NORMAL_CONTACT,nd_sorted_map,excpected_fitnessevo_ent,0.2529296875,9333.477513313293,141.84177682176232,120.13408,1.2439907
651,humanoid,NORMAL_CONTACT,nd_sorted_map,excpected_fitnessevo_ent,0.25390625,36750.74775695801,37.708344645798206,324.18686,0.75858086
652,ant,NORMAL_CONTACT,nd_sorted_map,excpected_fitnessevo_ent,0.029320987654320986,-4883.064514160156,62.498751640319824,216.59062,2.986907
653,humanoid,DIRECTIONAL_CONTACT,nd_sorted_map,excpected_fitnessevo_ent,0.1884765625,31109.13232421875,44.81618417054415,352.445,0.8107752
654,ant,DIRECTIONAL_CONTACT,nd_sorted_map,excpected_fitnessevo_ent,0.016203703703703703,-3990.6032943725586,47.27489447593689,209.4595,4.407668
655,walker,CONTROL_FINAL_POS,nd_sorted_map,excpected_fitnessevo_ent,0.05,618.6580276489258,7.009161412715912,195.64066,2.0377321
656,humanoid,CONTROL_FINAL_POS,nd_sorted_map,excpected_fitnessevo_ent,0.00390625,1697.9451293945312,2.8522416949272156,467.9561,0.9849313
657,ant,CONTROL_FINAL_POS,nd_sorted_map,excpected_fitnessevo_ent,0.00390625,526.8058767318726,2.0417917668819427,214.278,0.85245633
658,walker,DISTANCE_FINAL_POS,nd_sorted_map,excpected_fitnessevo_ent,0.04,340.74340534210205,5.537150740623474,141.92278,1.6423479
659,humanoid,DISTANCE_FINAL_POS,nd_sorted_map,excpected_fitnessevo_ent,0.00390625,1475.4340515136719,2.994312822818756,430.94827,0.94872916
660,ant,DISTANCE_FINAL_POS,nd_sorted_map,excpected_fitnessevo_ent,0.005859375,-979.9791126251221,24.7271568775177,33.6634,5.5614886
661,walker,DISTANCE_CONTACT,nd_sorted_map,excpected_fitnessevo_ent,0.2236328125,16181.678215026855,161.90908471867442,122.84154,1.4376662
662,humanoid,DISTANCE_CONTACT,nd_sorted_map,excpected_fitnessevo_ent,0.193359375,39595.11316680908,62.23622612003237,673.08344,0.94301575
663,ant,DISTANCE_CONTACT,nd_sorted_map,excpected_fitnessevo_ent,0.018518518518518517,-2588.7140922546387,55.14421647787094,179.64658,3.9610064
664,walker,NORMAL_FINAL_POS,nd_sorted_map,excpected_fitnessevo_ent,0.04,447.42112731933594,4.5901607275009155,150.80978,1.6698132
665,humanoid,NORMAL_FINAL_POS,nd_sorted_map,excpected_fitnessevo_ent,0.00390625,1429.0051574707031,2.0402391254901886,430.30414,0.8534901
666,ant,NORMAL_FINAL_POS,nd_sorted_map,excpected_fitnessevo_ent,0.0048828125,-234.0932903289795,12.0572889149189,229.22093,4.0105467
667,walker,NORMAL_CONTACT,nd_sorted_map,excpected_fitnessevo_ent,0.2978515625,28207.385457992554,267.7046274840832,190.1239,1.6396035
668,humanoid,NORMAL_CONTACT,nd_sorted_map,excpected_fitnessevo_ent,0.263671875,70336.39379119873,110.06217226199806,571.9474,1.3172194
669,ant,NORMAL_CONTACT,nd_sorted_map,excpected_fitnessevo_ent,0.029320987654320986,1689.6541347503662,55.829660922288895,228.60117,3.3286822
670,humanoid,DIRECTIONAL_CONTACT,nd_sorted_map,excpected_fitnessevo_ent,0.263671875,61667.57614898682,92.23232759162784,455.5531,0.83375305
671,ant,DIRECTIONAL_CONTACT,nd_sorted_map,excpected_fitnessevo_ent,0.015432098765432098,-2875.0143604278564,34.341046035289764,202.32161,3.1551697
672,walker,CONTROL_FINAL_POS,nd_sorted_map,excpected_fitnessevo_ent,0.03,346.0730781555176,3.529759109020233,160.97095,1.5979156
673,humanoid,CONTROL_FINAL_POS,nd_sorted_map,excpected_fitnessevo_ent,0.00390625,1780.6645202636719,2.226020395755768,519.74976,0.6891491
674,ant,CONTROL_FINAL_POS,nd_sorted_map,excpected_fitnessevo_ent,0.00390625,609.7808990478516,2.9862356781959534,214.47816,1.3795037
675,walker,DISTANCE_FINAL_POS,nd_sorted_map,excpected_fitnessevo_ent,0.04,366.2036666870117,4.443063199520111,162.59068,1.3584073
676,humanoid,DISTANCE_FINAL_POS,nd_sorted_map,excpected_fitnessevo_ent,0.00390625,1796.2275390625,4.763832271099091,682.8126,2.1952376
677,ant,DISTANCE_FINAL_POS,nd_sorted_map,excpected_fitnessevo_ent,0.0048828125,-1033.1598510742188,19.63858675956726,176.45403,5.8361487
678,walker,DISTANCE_CONTACT,nd_sorted_map,excpected_fitnessevo_ent,0.17578125,12407.479138374329,135.64200401306152,132.32272,1.1415457
679,humanoid,DISTANCE_CONTACT,nd_sorted_map,excpected_fitnessevo_ent,0.205078125,32517.513458251953,52.24116778187454,360.0971,1.1146111
680,ant,DISTANCE_CONTACT,nd_sorted_map,excpected_fitnessevo_ent,0.03009259259259259,-3750.062071800232,83.56781679391861,203.94707,3.3665063
681,walker,NORMAL_FINAL_POS,nd_sorted_map,excpected_fitnessevo_ent,0.04,454.13777923583984,4.047068655490875,127.01896,1.3132063
682,humanoid,NORMAL_FINAL_POS,nd_sorted_map,excpected_fitnessevo_ent,0.00390625,1995.3663024902344,3.106225907802582,575.44305,1.0874009
683,ant,NORMAL_FINAL_POS,nd_sorted_map,excpected_fitnessevo_ent,0.00390625,257.12718200683594,3.2748404890298843,235.7323,2.2299423
684,walker,NORMAL_CONTACT,nd_sorted_map,excpected_fitnessevo_ent,0.25,15591.422642707825,240.20261345803738,154.15018,1.5062622
685,humanoid,NORMAL_CONTACT,nd_sorted_map,excpected_fitnessevo_ent,0.1279296875,29952.85678100586,55.45059137791395,492.5577,1.2612674
686,ant,NORMAL_CONTACT,nd_sorted_map,excpected_fitnessevo_ent,0.02700617283950617,2297.470151901245,53.2393012046814,217.40855,3.1123133
687,humanoid,DIRECTIONAL_CONTACT,nd_sorted_map,excpected_fitnessevo_ent,0.0947265625,15661.065521240234,21.760621463879943,382.52322,0.7054177
688,ant,DIRECTIONAL_CONTACT,nd_sorted_map,excpected_fitnessevo_ent,0.017746913580246913,-3866.7869968414307,40.47652530670166,181.31175,2.5595517
689,walker,CONTROL_FINAL_POS,nd_sorted_map,excpected_fitnessevo_ent,0.04,443.04833984375,4.161255121231079,144.81865,1.176896
690,humanoid,CONTROL_FINAL_POS,nd_sorted_map,excpected_fitnessevo_ent,0.00390625,1477.3532409667969,2.603422671556473,456.8552,0.8862744
691,ant,CONTROL_FINAL_POS,nd_sorted_map,excpected_fitnessevo_ent,0.00390625,432.22306060791016,6.115747451782227,180.70882,2.271293
692,walker,DISTANCE_FINAL_POS,nd_sorted_map,excpected_fitnessevo_ent,0.04,308.9964847564697,4.964778482913971,132.76772,1.8689308
693,humanoid,DISTANCE_FINAL_POS,nd_sorted_map,excpected_fitnessevo_ent,0.00390625,1735.8160400390625,3.6807692646980286,521.368,1.0636169
694,ant,DISTANCE_FINAL_POS,nd_sorted_map,excpected_fitnessevo_ent,0.00390625,-2152.4852294921875,15.066075325012207,-504.22446,4.176985
695,walker,DISTANCE_CONTACT,nd_sorted_map,excpected_fitnessevo_ent,0.1396484375,7503.237491607666,113.58266614377499,153.74362,1.2343621
696,humanoid,DISTANCE_CONTACT,nd_sorted_map,excpected_fitnessevo_ent,0.1357421875,26684.71435546875,45.63750461116433,426.63477,0.8729409
697,ant,DISTANCE_CONTACT,nd_sorted_map,excpected_fitnessevo_ent,0.027777777777777776,-3182.418068885803,66.42922577261925,200.77141,3.580583
698,walker,NORMAL_FINAL_POS,nd_sorted_map,excpected_fitnessevo_ent,0.04,549.1543426513672,3.958669364452362,167.06462,1.2226084
699,humanoid,NORMAL_FINAL_POS,nd_sorted_map,excpected_fitnessevo_ent,0.00390625,1570.6436462402344,2.040777623653412,443.1978,0.71830183
700,ant,NORMAL_FINAL_POS,nd_sorted_map,excpected_fitnessevo_ent,0.00390625,-137.05569648742676,7.514228582382202,186.21432,2.3512747
701,walker,NORMAL_CONTACT,nd_sorted_map,excpected_fitnessevo_ent,0.2578125,20584.903016090393,245.0009572133422,146.75504,1.511545
702,humanoid,NORMAL_CONTACT,nd_sorted_map,excpected_fitnessevo_ent,0.259765625,56977.879821777344,115.1128822248429,391.00214,1.4490172
703,ant,NORMAL_CONTACT,nd_sorted_map,excpected_fitnessevo_ent,0.035493827160493825,-2369.3539496064186,70.71027541160583,182.25484,3.3741553
704,humanoid,DIRECTIONAL_CONTACT,nd_sorted_map,excpected_fitnessevo_ent,0.2470703125,55423.477111816406,84.39593665674329,447.61783,0.86420864
705,ant,DIRECTIONAL_CONTACT,nd_sorted_map,excpected_fitnessevo_ent,0.020061728395061727,-3202.1866731643677,53.27007615566254,198.27757,3.6843264
706,walker,CONTROL_FINAL_POS,nd_sorted_map,excpected_fitnessevo_ent,0.04,373.0162162780762,4.684846937656403,135.74724,1.4313904
707,humanoid,CONTROL_FINAL_POS,nd_sorted_map,excpected_fitnessevo_ent,0.00390625,1863.6997375488281,2.90208101272583,532.8048,0.93626875
708,ant,CONTROL_FINAL_POS,nd_sorted_map,excpected_fitnessevo_ent,0.00390625,574.5454521179199,5.251596748828888,234.6357,2.7576046
709,walker,DISTANCE_FINAL_POS,nd_sorted_map,excpected_fitnessevo_ent,0.04,270.1896231174469,5.123374581336975,126.224724,1.6349261
710,humanoid,DISTANCE_FINAL_POS,nd_sorted_map,excpected_fitnessevo_ent,0.00390625,1641.552490234375,3.3242388367652893,503.28976,0.9184555
711,ant,DISTANCE_FINAL_POS,nd_sorted_map,excpected_fitnessevo_ent,0.0048828125,-2803.9154357910156,20.715224742889404,-466.2689,4.837857
712,walker,DISTANCE_CONTACT,nd_sorted_map,excpected_fitnessevo_ent,0.255859375,6751.433337211609,186.88411366939545,132.8021,1.303049
713,humanoid,DISTANCE_CONTACT,nd_sorted_map,excpected_fitnessevo_ent,0.2880859375,61822.61520385742,98.15984343364835,435.45563,1.0239699
714,ant,DISTANCE_CONTACT,nd_sorted_map,excpected_fitnessevo_ent,0.029320987654320986,-6063.67737531662,83.35468345880508,223.06935,4.015689
715,walker,NORMAL_FINAL_POS,nd_sorted_map,excpected_fitnessevo_ent,0.04,392.32738876342773,3.6395747661590576,125.05281,1.0252457
716,humanoid,NORMAL_FINAL_POS,nd_sorted_map,excpected_fitnessevo_ent,0.00390625,1048.2687683105469,1.7277393750846386,347.9347,0.84632254
717,ant,NORMAL_FINAL_POS,nd_sorted_map,excpected_fitnessevo_ent,0.00390625,-51.093292236328125,7.412756562232971,205.48969,2.7095828
718,walker,NORMAL_CONTACT,nd_sorted_map,excpected_fitnessevo_ent,0.12890625,11297.897990226746,99.00013646483421,149.91978,1.2992624
719,humanoid,NORMAL_CONTACT,nd_sorted_map,excpected_fitnessevo_ent,0.201171875,42450.427978515625,81.34384395182133,390.71027,1.0464946
720,ant,NORMAL_CONTACT,nd_sorted_map,excpected_fitnessevo_ent,0.026234567901234566,-1312.5157089233398,60.20086520910263,183.5567,3.109505
721,humanoid,DIRECTIONAL_CONTACT,nd_sorted_map,excpected_fitnessevo_ent,0.224609375,42685.787940979004,59.740821819752455,379.716,0.936141
722,ant,DIRECTIONAL_CONTACT,nd_sorted_map,excpected_fitnessevo_ent,0.023148148148148147,-3627.337257385254,48.122014701366425,217.2185,2.8512578
723,walker,CONTROL_FINAL_POS,nd_sorted_map,excpected_fitnessevo_ent,0.03,201.7202033996582,2.1321212351322174,84.182755,1.0804013
724,humanoid,CONTROL_FINAL_POS,nd_sorted_map,excpected_fitnessevo_ent,0.00390625,1805.1925354003906,2.960037052631378,565.43475,0.90874267
725,ant,CONTROL_FINAL_POS,nd_sorted_map,excpected_fitnessevo_ent,0.005859375,-811.0544228553772,16.81766450405121,194.35959,3.9997165
726,walker,DISTANCE_FINAL_POS,nd_sorted_map,excpected_fitnessevo_ent,0.04,265.47373723983765,4.359109699726105,153.26794,1.2611308
727,humanoid,DISTANCE_FINAL_POS,nd_sorted_map,excpected_fitnessevo_ent,0.00390625,1354.7066650390625,3.4312815070152283,481.15375,1.206013
728,ant,DISTANCE_FINAL_POS,nd_sorted_map,excpected_fitnessevo_ent,0.0048828125,124.78270721435547,19.96246027946472,73.5031,4.756501
729,walker,DISTANCE_CONTACT,nd_sorted_map,excpected_fitnessevo_ent,0.27734375,9807.8671810776,213.0076428949833,138.10925,1.3495761
730,humanoid,DISTANCE_CONTACT,nd_sorted_map,excpected_fitnessevo_ent,0.353515625,71743.10722351074,124.34919366054237,369.3789,0.87083906
731,ant,DISTANCE_CONTACT,nd_sorted_map,excpected_fitnessevo_ent,0.020833333333333332,-2576.7419090270996,49.831254452466965,199.44688,3.3715656
732,walker,NORMAL_FINAL_POS,nd_sorted_map,excpected_fitnessevo_ent,0.04,498.95550537109375,4.170249581336975,149.4926,1.0793513
733,humanoid,NORMAL_FINAL_POS,nd_sorted_map,excpected_fitnessevo_ent,0.00390625,2149.520965576172,3.1004093885421753,685.262,1.2681603
734,ant,NORMAL_FINAL_POS,nd_sorted_map,excpected_fitnessevo_ent,0.005859375,-1400.9199295043945,17.345399022102356,158.7292,5.1990356
735,walker,NORMAL_CONTACT,nd_sorted_map,excpected_fitnessevo_ent,0.2451171875,20216.46831512451,206.5140105932951,179.3675,1.9584684
736,humanoid,NORMAL_CONTACT,nd_sorted_map,excpected_fitnessevo_ent,0.287109375,70789.47272491455,118.40339861996472,457.48035,0.93490094
737,ant,NORMAL_CONTACT,nd_sorted_map,excpected_fitnessevo_ent,0.013117283950617283,-2099.0976634025574,30.77444988489151,169.9655,2.8440416
738,humanoid,DIRECTIONAL_CONTACT,nd_sorted_map,excpected_fitnessevo_ent,0.11328125,13563.368614196777,13.212109750136733,253.7739,0.2966173
739,ant,DIRECTIONAL_CONTACT,nd_sorted_map,excpected_fitnessevo_ent,0.020061728395061727,-119.29224395751953,38.94465717673302,217.11789,3.5875585
740,walker,CONTROL_FINAL_POS,nd_sorted_map,excpected_fitnessevo_ent,0.04,330.2548599243164,4.138459742069244,125.996765,1.1915901
741,humanoid,CONTROL_FINAL_POS,nd_sorted_map,excpected_fitnessevo_ent,0.00390625,2285.1800537109375,3.0216293334960938,628.1638,0.8176448
742,ant,CONTROL_FINAL_POS,nd_sorted_map,excpected_fitnessevo_ent,0.0048828125,719.7604217529297,5.702860206365585,220.48132,4.0957212
743,walker,DISTANCE_FINAL_POS,nd_sorted_map,excpected_fitnessevo_ent,0.04,352.88217067718506,5.484355092048645,137.38084,1.4991823
744,humanoid,DISTANCE_FINAL_POS,nd_sorted_map,excpected_fitnessevo_ent,0.00390625,1482.5121154785156,3.5745474100112915,399.3071,0.9467434
745,ant,DISTANCE_FINAL_POS,nd_sorted_map,excpected_fitnessevo_ent,0.005859375,-1752.3062210083008,21.992660760879517,-15.631439,4.782362
746,walker,DISTANCE_CONTACT,nd_sorted_map,excpected_fitnessevo_ent,0.1767578125,9121.665897369385,138.84744407236576,137.80792,1.504581
747,humanoid,DISTANCE_CONTACT,nd_sorted_map,excpected_fitnessevo_ent,0.3134765625,81399.02046966553,149.9269392043352,636.09326,1.4673561
748,ant,DISTANCE_CONTACT,nd_sorted_map,excpected_fitnessevo_ent,0.020061728395061727,-3495.1125469207764,62.54402178525925,176.13574,4.830004
749,walker,NORMAL_FINAL_POS,nd_sorted_map,excpected_fitnessevo_ent,0.03,263.7666549682617,2.90706604719162,124.298454,1.0300984
750,humanoid,NORMAL_FINAL_POS,nd_sorted_map,excpected_fitnessevo_ent,0.00390625,2146.7362670898438,2.9598138332366943,573.65424,0.7735416
751,ant,NORMAL_FINAL_POS,nd_sorted_map,excpected_fitnessevo_ent,0.00390625,840.8108367919922,1.376897543668747,228.42331,0.37066668
752,walker,NORMAL_CONTACT,nd_sorted_map,excpected_fitnessevo_ent,0.2080078125,19686.559560775757,186.2704132795334,181.6804,1.425165
753,humanoid,NORMAL_CONTACT,nd_sorted_map,excpected_fitnessevo_ent,0.3037109375,81889.88734436035,140.44867162406445,452.91736,0.9434033
754,ant,NORMAL_CONTACT,nd_sorted_map,excpected_fitnessevo_ent,0.029320987654320986,-2166.9829983711243,67.63729651272297,237.32167,2.7821481
